REPORTING_YEAR,CHEM_NAME~,CARCINOGEN,CLEAN_AIR,LIST_3350,PBT_IND,PFAS_IND,STATE_ABBR
2000,1001,N,N,N,N,N,AL
2000,39,Y,Y,N,Y,N,AZ
2000,129,N,Y,Y,N,N,AZ
2000,71,N,Y,N,N,N,AK
2001,684,N,N,N,N,N,AR
2001,419,N,N,N,N,N,AZ
2001,108,Y,N,Y,Y,N,AL
2001,48,Y,Y,N,Y,N,AZ
2001,55,Y,Y,N,N,N,AK
2001,2,N,N,N,Y,N,AL
2002,143,N,Y,Y,Y,N,AZ
2002,173,N,Y,Y,Y,N,AR
2002,272,N,Y,N,N,N,AZ
2002,2,N,N,N,Y,N,AL
2002,12,Y,Y,N,Y,N,AK
2002,6,N,Y,N,Y,N,AK
2003,657,N,N,N,N,N,AR
2003,964,N,N,N,N,N,AL
2003,347,N,Y,Y,Y,N,AL
2003,98,N,N,Y,N,N,AL
2004,44,N,Y,N,Y,N,AL
2004,158,Y,N,Y,Y,N,AL
2004,664,N,N,N,N,N,AR
2004,95,Y,Y,Y,N,N,AZ
2004,3,N,N,N,Y,N,AL
2005,372,N,N,N,N,N,AZ
2005,169,Y,N,Y,Y,N,AL
2005,50,N,Y,N,Y,N,AL
2005,7,Y,N,N,N,N,AZ
2006,154,N,Y,Y,Y,N,AZ
2006,17,Y,Y,N,Y,N,AK
2006,44,Y,Y,N,N,N,AK
2007,42,N,Y,Y,N,N,AK
2007,73,N,Y,N,N,N,AK
2007,7,Y,N,Y,Y,N,AK
2007,1,N,Y,N,Y,N,AK
2008,478,Y,Y,N,N,N,AL
2008,942,N,Y,N,N,N,AL
2008,123,Y,Y,N,N,N,AZ
2008,56,Y,Y,N,Y,N,AZ
2008,8,Y,N,N,N,N,AZ
2008,34,Y,N,N,N,N,AR
2008,21,N,Y,N,Y,N,AZ
2008,2,N,N,N,Y,N,AL
2009,111,Y,Y,Y,N,N,AZ
2009,518,N,Y,N,N,N,AR
2009,29,N,Y,N,Y,N,AL
2009,71,N,Y,Y,Y,N,AK
2009,50,N,Y,Y,N,N,AK
2010,562,N,Y,N,N,N,AR
2010,168,N,Y,Y,Y,N,AZ
2010,111,Y,Y,Y,N,N,AZ
2010,81,Y,N,Y,Y,N,AZ
2010,148,Y,Y,Y,N,N,AR
2010,15,Y,Y,N,Y,N,AK
2010,6,Y,N,Y,Y,N,AK
2010,85,Y,Y,N,Y,N,AR
2010,26,N,Y,N,Y,N,AR
2010,31,Y,N,N,N,N,AR
2011,927,N,N,N,N,N,AL
2011,701,N,N,N,N,N,AR
2011,55,N,Y,Y,N,N,AK
2011,6,Y,N,N,N,N,AZ
2011,1,Y,Y,N,Y,N,AS
2012,154,Y,N,Y,Y,N,AL
2012,74,Y,N,Y,Y,N,AZ
2012,273,Y,Y,Y,N,N,AL
2012,92,Y,N,Y,Y,N,AR
2013,270,N,Y,Y,N,N,AL
2013,869,N,Y,N,N,N,AL
2013,178,N,Y,Y,Y,N,AR
2013,139,Y,Y,Y,N,N,AR
2013,2,N,N,N,Y,N,AL
2013,11,Y,N,Y,Y,N,AK
2013,36,Y,Y,N,Y,N,AZ
2013,33,Y,N,N,N,N,AR
2013,26,Y,N,N,N,N,AL
2014,155,Y,N,Y,Y,N,AL
2014,71,Y,N,Y,Y,N,AZ
2014,159,N,Y,Y,Y,N,AZ
2014,28,Y,N,N,N,N,AL
2014,5,Y,N,Y,Y,N,AK
2015,377,N,N,N,N,N,AZ
2015,160,N,Y,Y,Y,N,AZ
2015,67,Y,N,Y,Y,N,AZ
2016,119,Y,Y,N,N,N,AZ
2016,351,N,N,N,N,N,AZ
2016,120,N,Y,Y,N,N,AR
2016,160,Y,N,Y,Y,N,AL
2017,838,N,Y,N,N,N,AL
2017,272,N,Y,Y,N,N,AL
2017,102,Y,N,Y,Y,N,AR
2017,34,N,Y,N,Y,N,AL
2017,95,N,Y,N,N,N,AK
2017,88,N,Y,Y,Y,N,AK
2018,50,Y,N,Y,Y,N,AZ
2018,174,N,Y,Y,Y,N,AZ
2018,1,Y,Y,N,N,N,AS
2018,1,Y,Y,N,Y,N,AS
2018,99,N,Y,Y,Y,N,AK
2018,5,N,N,N,Y,N,AR
2019,38,N,Y,N,Y,N,AR
2019,1,Y,Y,N,N,N,AS
2020,290,Y,Y,N,N,N,AR
2020,562,N,Y,N,N,N,AR
2020,320,N,N,N,N,N,AZ
2020,276,Y,Y,Y,N,N,AL
2020,5,N,N,N,N,Y,AR
2020,1,Y,N,N,N,Y,AR
2021,335,N,N,N,N,N,AZ
2021,142,N,Y,Y,Y,N,AZ
2021,82,Y,N,Y,Y,N,AR
2021,83,Y,Y,N,Y,N,AR
2021,32,N,Y,N,Y,N,AR
2021,31,Y,N,N,N,N,AR
2021,116,N,Y,Y,N,N,AR
2021,137,Y,Y,Y,N,N,AR
2021,16,N,Y,N,Y,N,AZ
2022,290,N,Y,Y,N,N,AL
2022,149,N,N,N,N,N,AK
2022,108,N,Y,N,N,N,AK
2022,183,N,Y,Y,Y,N,AR
2023,173,N,Y,Y,Y,N,AR
2023,563,N,Y,N,N,N,AR
2023,228,N,Y,N,N,N,AZ
2023,83,Y,Y,N,Y,N,AR
2023,106,N,Y,Y,N,N,AZ
2023,3,N,N,N,N,N,AS
2023,16,N,N,N,N,Y,AR
1999,443,N,N,N,N,N,AZ
1999,1033,N,Y,N,N,N,AL
1999,323,Y,Y,Y,N,N,AL
1999,2,Y,Y,N,N,N,AS
1999,27,Y,N,N,N,N,AR
1999,62,N,Y,N,N,N,AK
1999,84,N,N,N,N,N,AK
2000,98,Y,Y,N,Y,N,AR
2000,34,N,Y,Y,Y,N,AK
2000,1,Y,N,Y,Y,N,AK
2001,109,Y,Y,N,N,N,AZ
2001,270,Y,Y,Y,N,N,AL
2001,52,N,Y,N,Y,N,AL
2001,41,N,Y,Y,N,N,AK
2001,49,Y,Y,Y,N,N,AK
2002,9,Y,N,Y,Y,N,AK
2002,281,Y,Y,Y,N,N,AL
2002,106,N,N,Y,N,N,AL
2003,974,N,Y,N,N,N,AL
2003,269,Y,Y,Y,N,N,AL
2003,61,Y,N,Y,Y,N,AZ
2003,144,N,Y,Y,N,N,AR
2003,387,N,N,N,N,N,AZ
2003,150,N,Y,Y,Y,N,AZ
2003,79,Y,N,Y,Y,N,AR
2003,19,Y,Y,N,Y,N,AK
2003,38,Y,Y,Y,N,N,AK
2003,1,Y,Y,N,Y,N,AS
2004,964,N,N,N,N,N,AL
2004,466,Y,Y,N,N,N,AL
2004,314,N,Y,Y,N,N,AL
2004,145,Y,Y,Y,N,N,AR
2004,67,Y,N,Y,Y,N,AR
2004,89,Y,Y,N,Y,N,AR
2005,52,Y,Y,N,Y,N,AZ
2005,954,N,N,N,N,N,AL
2005,86,Y,N,Y,Y,N,AZ
2005,13,Y,Y,N,Y,N,AK
2005,261,Y,Y,Y,N,N,AL
2005,31,Y,N,N,N,N,AL
2006,164,Y,N,Y,Y,N,AL
2006,138,Y,Y,N,N,N,AZ
2006,113,N,Y,Y,N,N,AZ
2006,1,Y,Y,N,Y,N,AS
2006,36,N,Y,N,Y,N,AL
2006,18,N,Y,N,Y,N,AZ
2006,36,N,Y,Y,N,N,AK
2007,240,N,Y,N,N,N,AZ
2007,657,N,N,N,N,N,AR
2007,474,Y,Y,N,N,N,AL
2007,297,N,Y,Y,N,N,AL
2007,166,Y,Y,N,Y,N,AL
2007,100,Y,Y,Y,N,N,AZ
2007,35,N,Y,N,Y,N,AL
2007,79,Y,N,Y,Y,N,AR
2007,57,Y,Y,N,N,N,AK
2008,590,N,Y,N,N,N,AR
2008,249,N,Y,N,N,N,AZ
2008,85,Y,Y,N,Y,N,AR
2008,116,Y,Y,Y,N,N,AZ
2008,6,Y,N,Y,Y,N,AK
2009,269,N,Y,Y,N,N,AL
2009,151,Y,N,Y,Y,N,AL
2009,274,Y,Y,N,N,N,AR
2009,140,Y,Y,Y,N,N,AR
2009,98,N,N,N,N,N,AK
2009,2,N,N,N,Y,N,AL
2010,680,N,N,N,N,N,AR
2011,852,N,Y,N,N,N,AL
2011,318,N,Y,Y,Y,N,AL
2011,547,N,Y,N,N,N,AR
2011,160,Y,Y,N,Y,N,AL
2011,18,Y,Y,N,Y,N,AK
2012,240,N,Y,N,N,N,AZ
2012,693,N,N,N,N,N,AR
2012,69,N,Y,Y,Y,N,AK
2012,6,N,Y,N,Y,N,AK
2013,82,Y,Y,N,Y,N,AR
2013,1,Y,Y,N,N,N,AS
2014,117,N,Y,Y,N,N,AR
2014,148,Y,Y,Y,N,N,AR
2014,103,Y,Y,Y,N,N,AZ
2014,7,N,Y,N,Y,N,AZ
2014,2,N,N,N,Y,N,AR
2015,158,Y,N,Y,Y,N,AL
2015,262,Y,Y,Y,N,N,AL
2015,83,N,Y,Y,Y,N,AK
2015,31,Y,N,N,N,N,AL
2015,52,Y,Y,Y,N,N,AK
2015,5,Y,N,Y,Y,N,AK
2016,265,N,Y,Y,N,N,AL
2016,295,Y,Y,N,N,N,AR
2016,535,N,Y,N,N,N,AR
2016,957,N,N,N,N,N,AL
2016,411,Y,Y,N,N,N,AL
2016,324,N,Y,Y,Y,N,AL
2016,100,Y,N,Y,Y,N,AR
2016,82,Y,Y,N,N,N,AK
2016,45,Y,Y,Y,N,N,AK
2016,5,N,Y,N,Y,N,AK
2016,2,N,N,N,N,N,AS
2017,39,N,Y,N,Y,N,AR
2017,45,Y,Y,Y,N,N,AK
2017,3,Y,N,N,N,N,AZ
2017,1,Y,Y,N,Y,N,AS
2018,3,Y,N,Y,Y,N,AK
2018,11,N,Y,N,Y,N,AK
2019,121,N,Y,Y,N,N,AR
2019,286,N,Y,Y,N,N,AL
2019,119,Y,Y,N,N,N,AK
2019,65,N,Y,Y,N,N,AK
2019,46,Y,N,Y,Y,N,AZ
2019,358,N,N,N,N,N,AZ
2019,30,N,Y,N,Y,N,AL
2019,84,Y,Y,N,Y,N,AR
2019,3,Y,N,Y,Y,N,AK
2020,96,N,Y,Y,N,N,AZ
2020,137,Y,Y,N,Y,N,AL
2020,114,Y,Y,N,N,N,AZ
2021,936,N,N,N,N,N,AL
2021,1,Y,Y,N,Y,N,AS
2021,23,Y,N,N,N,N,AL
2022,266,Y,Y,Y,N,N,AL
2022,41,Y,Y,Y,N,N,AK
2023,295,N,Y,Y,N,N,AL
2023,826,N,Y,N,N,N,AL
2023,330,N,N,N,N,N,AZ
2023,118,N,Y,Y,N,N,AR
2023,28,Y,N,N,N,N,AL
2023,10,N,N,N,N,Y,AL
2023,13,N,N,N,Y,N,AR
2023,1,N,N,N,Y,N,AL
1999,979,N,N,N,N,N,AL
1999,264,Y,Y,N,N,N,AR
1999,184,N,Y,Y,N,N,AR
1999,7,Y,N,N,N,N,AZ
1999,3,N,N,N,N,N,AS
1999,46,N,Y,Y,Y,N,AZ
1999,11,Y,Y,N,Y,N,AR
1999,12,Y,N,Y,Y,N,AZ
1999,15,N,Y,Y,Y,N,AK
2000,643,N,Y,N,N,N,AR
2000,334,N,Y,Y,N,N,AL
2000,40,Y,N,Y,Y,N,AL
2000,35,N,N,Y,N,N,AZ
2000,54,N,Y,N,Y,N,AL
2000,148,N,Y,Y,Y,N,AL
2000,44,Y,N,N,N,N,AR
2001,320,N,Y,Y,N,N,AL
2001,174,N,Y,Y,N,N,AR
2001,175,Y,Y,Y,N,N,AR
2001,40,Y,N,N,N,N,AR
2001,31,Y,N,N,N,N,AL
2001,10,Y,N,Y,Y,N,AK
2001,1,N,N,N,N,N,AS
2002,131,Y,N,Y,Y,N,AL
2002,6,Y,N,N,N,N,AZ
2002,179,Y,Y,N,Y,N,AL
2002,323,N,Y,Y,Y,N,AL
2002,71,N,Y,N,N,N,AK
2002,1,Y,Y,N,Y,N,AS
2003,52,N,N,Y,N,N,AR
2003,24,N,N,Y,N,N,AZ
2003,8,N,Y,N,Y,N,AZ
2004,176,Y,Y,N,Y,N,AL
2004,271,N,Y,N,N,N,AZ
2004,567,N,Y,N,N,N,AR
2004,146,Y,Y,N,N,N,AZ
2004,17,Y,Y,N,Y,N,AK
2004,33,Y,N,N,N,N,AL
2005,256,N,Y,N,N,N,AZ
2005,476,Y,Y,N,N,N,AL
2006,580,N,Y,N,N,N,AR
2006,35,Y,N,N,N,N,AR
2006,287,N,Y,Y,N,N,AL
2006,34,Y,Y,Y,N,N,AK
2007,266,Y,Y,Y,N,N,AL
2007,30,N,Y,N,Y,N,AR
2007,36,Y,Y,Y,N,N,AK
2007,6,Y,N,N,N,N,AZ
2008,174,N,Y,Y,Y,N,AR
2008,377,N,N,N,N,N,AZ
2008,108,N,Y,Y,N,N,AZ
2008,98,N,N,N,N,N,AK
2008,76,N,Y,N,N,N,AK
2008,1,Y,Y,N,Y,N,AS
2009,616,N,N,N,N,N,AR
2009,119,N,Y,Y,N,N,AR
2009,178,N,Y,Y,Y,N,AZ
2009,16,N,Y,N,Y,N,AZ
2010,315,N,Y,Y,Y,N,AL
2010,259,Y,Y,Y,N,N,AL
2010,93,N,N,N,N,N,AK
2010,7,N,Y,N,Y,N,AK
2011,97,N,N,N,N,N,AK
2011,96,Y,N,Y,Y,N,AR
2011,175,N,Y,Y,Y,N,AZ
2011,39,N,Y,N,Y,N,AL
2011,34,Y,N,N,N,N,AR
2012,510,N,Y,N,N,N,AR
2012,864,N,Y,N,N,N,AL
2012,112,N,Y,Y,N,N,AZ
2012,97,Y,Y,Y,N,N,AZ
2012,30,Y,N,N,N,N,AR
2012,57,N,Y,Y,N,N,AK
2012,2,N,N,N,N,N,AS
2013,63,Y,N,Y,Y,N,AZ
2013,143,Y,N,Y,Y,N,AL
2013,108,Y,Y,Y,N,N,AZ
2013,74,N,Y,Y,Y,N,AK
2013,6,Y,N,N,N,N,AZ
2014,290,Y,Y,N,N,N,AR
2014,124,Y,Y,N,N,N,AZ
2014,380,N,N,N,N,N,AZ
2014,162,Y,Y,N,Y,N,AL
2014,97,Y,N,Y,Y,N,AR
2014,136,N,N,N,N,N,AK
2014,6,N,Y,N,Y,N,AK
2015,276,N,Y,Y,N,N,AL
2015,101,Y,Y,Y,N,N,AZ
2015,92,Y,Y,N,N,N,AK
2015,63,N,Y,Y,N,N,AK
2015,1,Y,Y,N,N,N,AS
2015,1,Y,Y,N,Y,N,AS
2015,5,N,Y,N,Y,N,AK
2016,58,Y,N,Y,Y,N,AZ
2016,150,Y,Y,Y,N,N,AR
2016,13,N,Y,N,Y,N,AZ
2017,230,N,Y,N,N,N,AZ
2017,857,N,N,N,N,N,AR
2017,311,Y,Y,N,N,N,AR
2017,163,Y,N,Y,Y,N,AL
2017,39,Y,Y,N,Y,N,AZ
2017,2,N,N,N,N,N,AS
2018,33,Y,N,N,N,N,AR
2018,153,N,N,N,N,N,AK
2018,111,Y,Y,N,N,N,AK
2019,221,N,Y,N,N,N,AZ
2019,105,N,Y,Y,N,N,AZ
2019,1,Y,Y,N,Y,N,AS
2020,199,N,Y,Y,Y,N,AR
2020,836,N,Y,N,N,N,AL
2020,286,N,Y,Y,Y,N,AL
2020,77,Y,Y,Y,N,N,AZ
2020,27,N,Y,N,Y,N,AL
2020,119,N,Y,N,N,N,AK
2020,87,Y,Y,N,Y,N,AR
2020,23,Y,Y,N,Y,N,AK
2021,282,Y,Y,N,N,N,AR
2021,218,N,Y,N,N,N,AZ
2021,173,Y,N,Y,Y,N,AL
2021,803,N,N,N,N,N,AR
2021,137,Y,Y,N,Y,N,AL
2021,271,Y,Y,Y,N,N,AL
2021,23,Y,Y,N,Y,N,AK
2022,849,N,Y,N,N,N,AL
2022,110,Y,Y,N,N,N,AZ
2022,30,Y,Y,N,Y,N,AK
2022,165,N,Y,Y,Y,N,AZ
2022,127,N,Y,Y,N,N,AR
2023,800,N,N,N,N,N,AR
2023,145,Y,Y,Y,N,N,AR
2023,261,Y,Y,Y,N,N,AL
2023,77,Y,Y,Y,N,N,AZ
2023,1,Y,Y,N,Y,N,AS
2023,105,Y,Y,N,N,N,AK
2023,60,N,Y,Y,N,N,AK
1999,619,N,Y,N,N,N,AR
1999,322,N,Y,N,N,N,AZ
1999,115,Y,Y,Y,N,N,AZ
1999,349,N,Y,Y,N,N,AL
1999,34,Y,N,Y,Y,N,AL
1999,496,Y,Y,N,N,N,AL
1999,125,N,Y,Y,N,N,AZ
1999,2,Y,Y,Y,N,N,AS
1999,2,N,Y,Y,N,N,AS
2000,45,Y,Y,Y,N,N,AK
2001,627,N,Y,N,N,N,AR
2001,114,N,Y,Y,N,N,AZ
2001,61,N,N,Y,N,N,AR
2001,56,Y,N,Y,Y,N,AZ
2002,498,Y,Y,N,N,N,AL
2002,572,N,Y,N,N,N,AR
2002,95,Y,Y,N,Y,N,AR
2002,999,N,Y,N,N,N,AL
2002,48,N,Y,Y,Y,N,AK
2002,42,N,Y,N,Y,N,AL
2002,1,N,N,N,N,N,AS
2003,31,Y,N,N,N,N,AR
2003,257,N,Y,N,N,N,AZ
2003,86,Y,Y,N,Y,N,AR
2003,48,N,Y,N,Y,N,AL
2003,16,N,Y,N,Y,N,AR
2003,49,N,Y,Y,Y,N,AK
2003,36,Y,Y,N,N,N,AK
2004,118,N,Y,Y,N,N,AZ
2004,91,N,N,N,N,N,AK
2004,1,N,N,N,Y,N,AR
2004,1,N,N,N,N,N,AS
2005,672,N,N,N,N,N,AR
2005,313,N,Y,Y,N,N,AL
2005,155,Y,Y,Y,N,N,AR
2005,116,N,Y,Y,N,N,AZ
2005,64,Y,N,Y,Y,N,AR
2005,20,N,Y,N,Y,N,AR
2005,10,Y,N,Y,Y,N,AK
2006,674,N,N,N,N,N,AR
2006,84,Y,N,Y,Y,N,AZ
2006,170,N,Y,Y,Y,N,AR
2006,94,Y,Y,Y,N,N,AZ
2006,2,N,N,N,Y,N,AR
2006,6,Y,N,Y,Y,N,AK
2007,996,N,N,N,N,N,AL
2007,50,Y,Y,N,Y,N,AZ
2007,83,Y,N,Y,Y,N,AZ
2007,164,Y,N,Y,Y,N,AL
2007,1,Y,Y,N,Y,N,AS
2008,337,N,Y,Y,Y,N,AL
2008,294,N,Y,Y,N,N,AL
2008,29,N,Y,N,Y,N,AL
2008,24,Y,N,N,N,N,AL
2009,361,N,N,N,N,N,AZ
2009,107,N,Y,Y,N,N,AZ
2009,18,Y,Y,N,Y,N,AK
2010,266,N,Y,Y,N,N,AL
2010,117,N,Y,Y,N,N,AR
2010,160,Y,N,Y,Y,N,AL
2010,159,Y,Y,N,Y,N,AL
2010,22,Y,N,N,N,N,AL
2011,397,Y,Y,N,N,N,AL
2011,355,N,N,N,N,N,AZ
2011,72,Y,N,Y,Y,N,AZ
2011,138,Y,Y,Y,N,N,AR
2012,109,N,N,N,N,N,AK
2012,395,Y,Y,N,N,N,AL
2012,276,N,Y,Y,N,N,AL
2012,24,N,Y,N,Y,N,AR
2012,7,Y,N,N,N,N,AZ
2012,1,Y,Y,N,Y,N,AS
2013,272,Y,Y,N,N,N,AR
2013,117,Y,Y,N,N,N,AZ
2013,95,Y,N,Y,Y,N,AR
2013,75,N,Y,N,N,N,AK
2013,8,N,Y,N,Y,N,AZ
2013,6,N,Y,N,Y,N,AK
2014,732,N,N,N,N,N,AR
2014,110,N,Y,Y,N,N,AZ
2014,78,N,Y,Y,Y,N,AK
2014,1,Y,Y,N,Y,N,AS
2015,546,N,Y,N,N,N,AR
2015,140,Y,Y,Y,N,N,AR
2015,30,N,Y,N,Y,N,AR
2015,32,N,Y,N,Y,N,AL
2016,784,N,N,N,N,N,AR
2016,845,N,Y,N,N,N,AL
2016,28,Y,N,N,N,N,AR
2016,18,Y,Y,N,Y,N,AK
2016,3,Y,N,N,N,N,AZ
2016,1,Y,Y,N,Y,N,AS
2017,601,N,Y,N,N,N,AR
2017,361,N,N,N,N,N,AZ
2017,130,N,N,N,N,N,AK
2017,11,N,Y,N,Y,N,AZ
2017,9,N,Y,N,Y,N,AK
2018,132,Y,Y,N,N,N,AZ
2018,176,Y,Y,Y,N,N,AR
2018,292,N,Y,Y,N,N,AL
2018,34,N,Y,N,Y,N,AL
2018,267,Y,Y,Y,N,N,AL
2018,290,Y,Y,N,N,N,AR
2018,114,N,Y,N,N,N,AK
2018,41,Y,Y,N,Y,N,AZ
2018,31,Y,N,N,N,N,AL
2019,294,N,Y,Y,Y,N,AL
2019,261,Y,Y,Y,N,N,AL
2019,88,Y,Y,Y,N,N,AZ
2019,287,Y,Y,N,N,N,AR
2019,91,Y,N,Y,Y,N,AR
2019,43,Y,Y,N,Y,N,AZ
2020,31,Y,N,N,N,N,AR
2020,27,Y,N,N,N,N,AL
2020,1,Y,Y,N,Y,N,AS
2020,1,N,N,N,N,N,AS
2021,563,N,Y,N,N,N,AR
2021,111,Y,Y,N,N,N,AZ
2021,426,Y,Y,N,N,N,AL
2021,831,N,Y,N,N,N,AL
2021,103,N,Y,Y,N,N,AZ
2021,105,N,Y,Y,Y,N,AK
2021,49,Y,Y,Y,N,N,AK
2022,127,Y,Y,N,Y,N,AL
2022,578,N,Y,N,N,N,AR
2022,332,N,N,N,N,N,AZ
2022,70,Y,Y,Y,N,N,AZ
2022,25,Y,N,N,N,N,AL
2022,14,N,N,N,Y,N,AR
2023,121,N,Y,Y,Y,N,AK
2023,117,N,Y,N,N,N,AK
2023,122,Y,Y,N,Y,N,AL
2023,246,N,Y,Y,Y,N,AL
2023,12,N,Y,N,Y,N,AZ
1999,64,N,N,Y,N,N,AR
1999,73,N,Y,Y,Y,N,AL
1999,21,Y,Y,N,Y,N,AL
1999,16,Y,N,Y,Y,N,AR
2000,110,Y,Y,N,N,N,AZ
2000,298,Y,Y,Y,N,N,AL
2000,191,Y,Y,Y,N,N,AR
2000,37,Y,N,N,N,N,AL
2000,27,Y,N,Y,Y,N,AR
2000,78,N,Y,Y,Y,N,AR
2000,25,N,Y,N,Y,N,AR
2000,7,N,Y,N,Y,N,AZ
2000,1,N,N,N,Y,N,AL
2001,287,N,Y,N,N,N,AZ
2001,98,N,N,N,N,N,AK
2001,331,N,Y,Y,Y,N,AL
2001,81,N,Y,N,N,N,AK
2001,9,Y,N,N,N,N,AZ
2002,273,Y,Y,N,N,N,AR
2002,60,Y,N,Y,Y,N,AZ
2002,81,Y,N,Y,Y,N,AR
2003,447,Y,Y,N,N,N,AL
2003,268,Y,Y,N,N,N,AR
2003,35,Y,N,N,N,N,AL
2003,179,N,Y,Y,Y,N,AR
2003,109,N,Y,Y,N,N,AZ
2003,5,N,Y,N,Y,N,AK
2004,971,N,Y,N,N,N,AL
2004,144,N,Y,Y,Y,N,AZ
2004,24,N,Y,N,Y,N,AZ
2004,20,N,Y,N,Y,N,AR
2004,36,Y,Y,Y,N,N,AK
2004,51,Y,Y,N,N,N,AK
2005,943,N,Y,N,N,N,AL
2005,1,Y,Y,N,Y,N,AS
2005,175,Y,Y,N,Y,N,AL
2005,136,N,Y,Y,N,N,AR
2005,86,Y,Y,Y,N,N,AZ
2006,467,Y,Y,N,N,N,AL
2006,140,N,Y,Y,N,N,AR
2006,157,Y,Y,Y,N,N,AR
2006,161,Y,Y,N,Y,N,AL
2006,2,N,N,N,Y,N,AL
2006,97,N,N,N,N,N,AK
2007,126,Y,Y,N,N,N,AZ
2007,581,N,Y,N,N,N,AR
2007,146,Y,Y,Y,N,N,AR
2007,280,Y,Y,N,N,N,AR
2007,134,N,Y,Y,N,N,AR
2007,66,N,Y,Y,Y,N,AK
2007,102,N,N,N,N,N,AK
2007,4,N,N,N,Y,N,AR
2008,173,N,Y,Y,Y,N,AZ
2008,134,N,Y,Y,N,N,AR
2008,19,Y,Y,N,Y,N,AK
2009,225,N,Y,N,N,N,AZ
2009,448,Y,Y,N,N,N,AL
2009,323,N,Y,Y,Y,N,AL
2009,169,N,Y,Y,Y,N,AR
2009,90,Y,N,Y,Y,N,AR
2010,361,N,N,N,N,N,AZ
2010,110,N,Y,Y,N,N,AZ
2010,177,N,Y,Y,Y,N,AR
2010,48,Y,Y,N,Y,N,AZ
2010,77,N,Y,Y,Y,N,AK
2010,2,N,N,N,Y,N,AL
2010,13,N,Y,N,Y,N,AZ
2010,55,Y,Y,N,N,N,AK
2011,108,N,Y,Y,N,N,AZ
2011,4,N,Y,N,Y,N,AZ
2011,7,N,Y,N,Y,N,AK
2012,141,Y,Y,Y,N,N,AR
2012,110,N,Y,Y,N,N,AR
2012,1,N,N,N,Y,N,AL
2012,75,N,Y,N,N,N,AK
2012,12,Y,N,Y,Y,N,AK
2012,1,Y,Y,N,N,N,AS
2012,1,N,Y,N,N,N,AS
2013,983,N,N,N,N,N,AL
2013,548,N,Y,N,N,N,AR
2013,239,N,Y,N,N,N,AZ
2013,362,N,N,N,N,N,AZ
2013,331,N,Y,Y,Y,N,AL
2013,166,Y,Y,N,Y,N,AL
2013,1,Y,Y,N,Y,N,AS
2014,35,Y,Y,N,Y,N,AZ
2014,6,Y,N,N,N,N,AZ
2014,2,N,N,N,N,N,AS
2015,864,N,Y,N,N,N,AL
2015,416,Y,Y,N,N,N,AL
2015,195,N,Y,Y,Y,N,AR
2015,159,Y,Y,N,Y,N,AL
2015,114,N,Y,Y,N,N,AR
2015,20,Y,Y,N,Y,N,AK
2015,147,N,N,N,N,N,AK
2016,31,Y,Y,N,Y,N,AZ
2016,97,N,Y,N,N,N,AK
2016,30,N,Y,N,Y,N,AL
2016,33,N,Y,N,Y,N,AR
2016,76,Y,Y,N,Y,N,AR
2016,53,N,Y,Y,N,N,AK
2016,2,N,N,N,Y,N,AR
2017,137,Y,Y,N,N,N,AZ
2017,120,N,Y,Y,N,N,AR
2017,147,N,Y,Y,Y,N,AZ
2017,108,N,Y,Y,N,N,AZ
2017,78,Y,Y,N,N,N,AK
2018,830,N,N,N,N,N,AR
2018,584,N,Y,N,N,N,AR
2018,200,N,Y,Y,Y,N,AR
2018,163,Y,N,Y,Y,N,AL
2018,99,Y,Y,Y,N,N,AZ
2018,13,N,Y,N,Y,N,AZ
2018,56,N,Y,Y,N,N,AK
2018,2,N,N,N,N,N,AS
2019,815,N,N,N,N,N,AR
2019,576,N,Y,N,N,N,AR
2019,204,N,Y,Y,Y,N,AR
2019,6,N,N,N,Y,N,AR
2020,169,Y,N,Y,Y,N,AL
2020,110,N,Y,Y,Y,N,AK
2020,6,N,N,N,Y,N,AR
2021,56,Y,N,Y,Y,N,AZ
2021,74,Y,Y,Y,N,N,AZ
2021,45,Y,Y,N,Y,N,AZ
2021,6,Y,N,N,N,N,AZ
2022,827,N,N,N,N,N,AR
2022,416,Y,Y,N,N,N,AL
2022,250,N,Y,Y,Y,N,AL
2022,81,Y,Y,N,Y,N,AR
2022,1,Y,N,N,N,Y,AR
2022,1,Y,N,N,N,Y,AL
2023,145,N,N,N,N,N,AK
2023,110,Y,Y,N,N,N,AZ
2023,156,N,Y,Y,Y,N,AZ
2023,188,Y,N,Y,Y,N,AL
2023,30,Y,Y,N,Y,N,AK
2023,45,Y,Y,Y,N,N,AK
2023,18,N,Y,N,Y,N,AK
2023,1,Y,N,N,N,Y,AR
1999,133,Y,Y,N,N,N,AZ
1999,719,N,N,N,N,N,AR
1999,5,N,Y,N,N,N,AS
1999,48,Y,Y,Y,N,N,AK
2000,442,N,N,N,N,N,AZ
2000,1011,N,Y,N,N,N,AL
2000,734,N,N,N,N,N,AR
2000,69,N,N,Y,N,N,AR
2000,77,N,Y,Y,Y,N,AZ
2000,13,Y,N,Y,Y,N,AZ
2000,7,Y,N,N,N,N,AZ
2000,8,Y,Y,N,Y,N,AK
2000,3,N,Y,N,Y,N,AK
2000,1,N,N,N,N,N,AS
2001,1029,N,Y,N,N,N,AL
2001,173,N,Y,Y,Y,N,AR
2001,101,Y,Y,Y,N,N,AZ
2001,97,N,N,Y,N,N,AL
2001,188,Y,Y,N,Y,N,AL
2001,24,N,Y,N,Y,N,AR
2001,77,Y,N,Y,Y,N,AR
2001,50,N,Y,Y,Y,N,AK
2001,4,N,Y,N,Y,N,AK
2002,41,Y,Y,N,Y,N,AZ
2002,18,N,Y,N,Y,N,AR
2002,31,N,N,Y,N,N,AZ
2002,6,N,Y,N,Y,N,AZ
2002,36,N,Y,Y,N,N,AK
2003,134,Y,N,Y,Y,N,AL
2003,146,Y,Y,Y,N,N,AR
2003,63,N,Y,N,N,N,AK
2003,2,N,N,N,Y,N,AL
2004,78,Y,N,Y,Y,N,AZ
2004,332,N,Y,Y,Y,N,AL
2004,7,Y,N,N,N,N,AZ
2004,32,N,Y,Y,N,N,AK
2004,7,N,Y,N,Y,N,AK
2005,38,Y,N,N,N,N,AR
2005,571,N,Y,N,N,N,AR
2005,58,N,Y,Y,Y,N,AK
2005,35,Y,Y,Y,N,N,AK
2005,2,N,N,N,Y,N,AL
2005,4,N,Y,N,Y,N,AK
2005,1,N,N,N,N,N,AS
2006,928,N,Y,N,N,N,AL
2006,256,N,Y,N,N,N,AZ
2006,345,N,Y,Y,Y,N,AL
2007,951,N,Y,N,N,N,AL
2007,351,N,Y,Y,Y,N,AL
2007,32,Y,N,N,N,N,AR
2007,109,N,Y,Y,N,N,AZ
2007,17,N,Y,N,Y,N,AZ
2007,27,Y,N,N,N,N,AL
2008,25,N,Y,N,Y,N,AR
2008,161,Y,Y,N,Y,N,AL
2008,67,N,Y,Y,Y,N,AK
2008,1,N,N,N,Y,N,AR
2008,55,Y,Y,N,N,N,AK
2009,982,N,N,N,N,N,AL
2009,128,Y,Y,N,N,N,AZ
2009,31,Y,N,N,N,N,AR
2009,48,Y,Y,N,Y,N,AZ
2009,61,Y,Y,N,N,N,AK
2009,69,N,Y,N,N,N,AK
2009,6,Y,N,N,N,N,AZ
2010,974,N,N,N,N,N,AL
2010,869,N,Y,N,N,N,AL
2010,430,Y,Y,N,N,N,AL
2010,238,N,Y,N,N,N,AZ
2010,121,Y,Y,N,N,N,AZ
2010,33,N,Y,N,Y,N,AL
2010,27,Y,Y,Y,N,N,AK
2010,6,Y,N,N,N,N,AZ
2010,1,Y,Y,N,Y,N,AS
2011,240,N,Y,N,N,N,AZ
2011,115,Y,Y,N,N,N,AZ
2011,183,N,Y,Y,Y,N,AR
2011,25,N,Y,N,Y,N,AR
2012,120,Y,Y,N,N,N,AZ
2012,969,N,N,N,N,N,AL
2012,359,N,N,N,N,N,AZ
2012,179,N,Y,Y,Y,N,AR
2012,154,Y,Y,N,Y,N,AL
2012,308,N,Y,Y,Y,N,AL
2012,76,Y,Y,N,Y,N,AR
2012,19,Y,Y,N,Y,N,AK
2013,397,Y,Y,N,N,N,AL
2013,36,N,Y,N,Y,N,AL
2013,112,N,Y,Y,N,N,AZ
2013,123,N,N,N,N,N,AK
2013,18,Y,Y,N,Y,N,AK
2013,52,N,Y,Y,N,N,AK
2013,34,Y,Y,Y,N,N,AK
2013,58,Y,Y,N,N,N,AK
2013,2,N,N,N,N,N,AS
2014,346,N,Y,Y,Y,N,AL
2014,270,N,Y,Y,N,N,AL
2014,245,Y,Y,Y,N,N,AL
2014,192,N,Y,Y,Y,N,AR
2014,30,N,Y,N,Y,N,AR
2014,44,Y,Y,Y,N,N,AK
2014,64,N,Y,Y,N,N,AK
2014,1,Y,Y,N,N,N,AS
2015,770,N,N,N,N,N,AR
2015,120,Y,Y,N,N,N,AZ
2015,355,N,Y,Y,Y,N,AL
2015,75,Y,Y,N,Y,N,AR
2015,110,N,Y,N,N,N,AK
2015,32,Y,Y,N,Y,N,AZ
2015,13,N,Y,N,Y,N,AZ
2016,199,N,Y,Y,Y,N,AR
2016,109,Y,Y,Y,N,N,AZ
2016,105,N,Y,Y,N,N,AZ
2016,1,Y,Y,N,N,N,AS
2017,966,N,N,N,N,N,AL
2017,100,Y,Y,Y,N,N,AZ
2017,47,N,Y,Y,N,N,AK
2018,421,Y,Y,N,N,N,AL
2018,369,N,N,N,N,N,AZ
2018,975,N,N,N,N,N,AL
2018,145,Y,Y,N,Y,N,AL
2018,81,Y,Y,N,Y,N,AR
2018,5,Y,N,N,N,N,AZ
2019,850,N,Y,N,N,N,AL
2019,28,Y,N,N,N,N,AL
2019,165,Y,N,Y,Y,N,AL
2019,55,Y,Y,Y,N,N,AK
2019,120,N,Y,N,N,N,AK
2019,166,N,Y,Y,Y,N,AZ
2019,2,N,N,N,N,N,AS
2020,424,Y,Y,N,N,N,AL
2020,287,N,Y,Y,N,N,AL
2020,139,N,Y,Y,Y,N,AZ
2020,63,N,Y,Y,N,N,AK
2020,34,N,Y,N,Y,N,AR
2020,5,Y,N,N,N,N,AZ
2020,8,Y,N,Y,Y,N,AK
2021,271,N,Y,Y,Y,N,AL
2021,296,N,Y,Y,N,N,AL
2021,148,N,N,N,N,N,AK
2021,3,N,N,N,N,N,AS
2021,7,N,N,N,N,Y,AL
2022,938,N,N,N,N,N,AL
2022,82,Y,N,Y,Y,N,AR
2022,19,N,Y,N,Y,N,AK
2022,57,N,Y,Y,N,N,AK
2022,41,Y,Y,N,Y,N,AZ
2022,30,N,Y,N,Y,N,AL
2023,280,Y,Y,N,N,N,AR
2023,103,Y,N,Y,Y,N,AZ
2023,86,Y,N,Y,Y,N,AR
2023,42,Y,Y,N,Y,N,AZ
1999,35,N,Y,Y,N,N,AK
1999,41,N,Y,Y,Y,N,AR
1999,27,Y,Y,N,N,N,AK
1999,1,Y,Y,N,Y,N,AK
2000,309,N,Y,N,N,N,AZ
2000,104,N,N,Y,N,N,AL
2000,197,Y,Y,N,Y,N,AL
2000,494,Y,Y,N,N,N,AL
2000,42,Y,Y,N,N,N,AK
2000,96,Y,Y,Y,N,N,AZ
2000,93,N,N,N,N,N,AK
2000,38,N,Y,Y,N,N,AK
2001,282,Y,Y,N,N,N,AR
2001,139,N,Y,Y,Y,N,AZ
2001,1,N,N,N,Y,N,AR
2002,165,N,Y,Y,N,N,AR
2002,116,Y,Y,N,N,N,AZ
2002,37,Y,N,N,N,N,AR
2002,1000,N,N,N,N,N,AL
2002,89,N,N,N,N,N,AK
2003,5,Y,N,N,N,N,AZ
2003,115,Y,Y,N,N,N,AZ
2003,555,N,Y,N,N,N,AR
2003,1,N,N,N,Y,N,AR
2003,1,N,N,N,N,N,AS
2004,386,N,N,N,N,N,AZ
2004,277,Y,Y,N,N,N,AR
2004,142,N,Y,Y,N,N,AR
2004,1,Y,Y,N,Y,N,AS
2004,47,N,Y,Y,Y,N,AK
2005,146,N,Y,Y,Y,N,AZ
2005,135,Y,Y,N,N,N,AZ
2005,64,N,Y,N,N,N,AK
2005,90,N,N,N,N,N,AK
2005,54,Y,Y,N,N,N,AK
2006,368,N,N,N,N,N,AZ
2006,54,Y,Y,N,Y,N,AZ
2006,254,Y,Y,Y,N,N,AL
2006,7,Y,N,N,N,N,AZ
2006,68,N,Y,Y,Y,N,AK
2006,26,Y,N,N,N,N,AL
2007,361,N,N,N,N,N,AZ
2007,2,N,N,N,Y,N,AL
2007,15,Y,Y,N,Y,N,AK
2008,301,Y,Y,N,N,N,AR
2008,1028,N,N,N,N,N,AL
2008,275,Y,Y,Y,N,N,AL
2008,78,Y,N,Y,Y,N,AR
2008,37,Y,Y,Y,N,N,AK
2009,75,Y,N,Y,Y,N,AZ
2009,21,Y,N,N,N,N,AL
2009,1,Y,Y,N,Y,N,AS
2010,49,N,Y,Y,N,N,AK
2011,114,N,Y,Y,N,N,AR
2011,108,Y,Y,Y,N,N,AZ
2011,152,Y,N,Y,Y,N,AL
2011,47,Y,Y,N,Y,N,AZ
2011,33,Y,Y,Y,N,N,AK
2011,72,N,Y,N,N,N,AK
2011,3,N,N,N,Y,N,AL
2011,7,Y,N,Y,Y,N,AK
2011,25,Y,N,N,N,N,AL
2012,261,Y,Y,N,N,N,AR
2012,173,N,Y,Y,Y,N,AZ
2012,47,Y,Y,N,Y,N,AZ
2012,60,Y,Y,N,N,N,AK
2013,259,Y,Y,Y,N,N,AL
2013,31,N,Y,N,Y,N,AR
2013,110,N,Y,Y,N,N,AR
2013,164,N,Y,Y,Y,N,AZ
2014,1020,N,N,N,N,N,AL
2014,415,Y,Y,N,N,N,AL
2014,550,N,Y,N,N,N,AR
2014,94,N,Y,N,N,N,AK
2014,26,Y,N,N,N,N,AR
2014,71,Y,Y,N,Y,N,AR
2014,19,Y,Y,N,Y,N,AK
2015,290,Y,Y,N,N,N,AR
2015,233,N,Y,N,N,N,AZ
2015,30,Y,N,N,N,N,AR
2015,2,N,N,N,Y,N,AR
2016,222,N,Y,N,N,N,AZ
2016,146,Y,Y,N,Y,N,AL
2016,3,Y,N,Y,Y,N,AK
2016,86,N,Y,Y,Y,N,AK
2016,27,Y,N,N,N,N,AL
2017,255,Y,Y,Y,N,N,AL
2017,205,N,Y,Y,Y,N,AR
2017,62,Y,N,Y,Y,N,AZ
2017,165,Y,Y,Y,N,N,AR
2017,38,Y,N,N,N,N,AR
2017,6,N,N,N,Y,N,AR
2018,128,N,Y,Y,N,N,AR
2018,312,N,Y,Y,Y,N,AL
2018,33,N,Y,N,Y,N,AR
2018,55,Y,Y,Y,N,N,AK
2018,21,Y,Y,N,Y,N,AK
2019,164,Y,Y,Y,N,N,AR
2019,981,N,N,N,N,N,AL
2019,129,Y,Y,N,N,N,AZ
2019,153,N,N,N,N,N,AK
2019,32,Y,N,N,N,N,AR
2020,774,N,N,N,N,N,AR
2020,206,N,Y,N,N,N,AZ
2020,62,Y,N,Y,Y,N,AZ
2020,12,N,Y,N,Y,N,AZ
2020,165,N,N,N,N,N,AK
2020,53,Y,Y,Y,N,N,AK
2021,30,N,Y,N,Y,N,AL
2021,67,N,Y,Y,N,N,AK
2021,10,N,N,N,Y,N,AR
2021,2,N,N,N,N,Y,AR
2022,298,Y,Y,N,N,N,AR
2022,181,Y,N,Y,Y,N,AL
2022,82,Y,N,Y,Y,N,AZ
2022,228,N,Y,N,N,N,AZ
2022,102,Y,Y,N,N,N,AK
2022,117,N,Y,Y,Y,N,AK
2022,97,N,Y,Y,N,N,AZ
2022,39,Y,N,N,N,N,AR
2022,35,N,Y,N,Y,N,AR
2022,7,Y,N,Y,Y,N,AK
2022,3,N,N,N,N,N,AS
2022,10,N,N,N,N,Y,AR
2022,16,N,N,N,N,Y,AL
2022,1,N,N,N,Y,N,AL
2023,932,N,N,N,N,N,AL
2023,49,Y,N,N,N,N,AR
1999,39,Y,N,N,N,N,AL
1999,2,N,Y,N,Y,N,AR
2000,298,Y,Y,N,N,N,AR
2000,183,N,Y,Y,N,N,AR
2001,97,Y,Y,N,Y,N,AR
2001,32,N,N,Y,N,N,AZ
2001,968,N,N,N,N,N,AL
2001,483,Y,Y,N,N,N,AL
2001,6,N,Y,N,Y,N,AZ
2001,11,Y,Y,N,Y,N,AK
2002,393,N,N,N,N,N,AZ
2002,686,N,N,N,N,N,AR
2002,58,N,N,Y,N,N,AR
2002,115,N,Y,Y,N,N,AZ
2002,162,Y,Y,Y,N,N,AR
2002,106,Y,Y,Y,N,N,AZ
2002,311,N,Y,Y,N,N,AL
2002,34,Y,N,N,N,N,AL
2002,40,Y,Y,Y,N,N,AK
2002,41,Y,Y,N,N,N,AK
2003,46,Y,Y,N,Y,N,AZ
2003,305,N,Y,Y,N,N,AL
2003,183,Y,Y,N,Y,N,AL
2003,89,Y,Y,Y,N,N,AZ
2003,83,N,N,N,N,N,AK
2003,9,Y,N,Y,Y,N,AK
2003,32,N,Y,Y,N,N,AK
2004,269,Y,Y,Y,N,N,AL
2004,30,Y,N,N,N,N,AR
2004,56,Y,Y,N,Y,N,AZ
2004,187,N,Y,Y,Y,N,AR
2004,10,Y,N,Y,Y,N,AK
2004,63,N,Y,N,N,N,AK
2005,183,N,Y,Y,Y,N,AR
2005,326,N,Y,Y,Y,N,AL
2005,286,Y,Y,N,N,N,AR
2005,23,N,Y,N,Y,N,AZ
2005,89,Y,Y,N,Y,N,AR
2005,36,N,Y,Y,N,N,AK
2006,981,N,N,N,N,N,AL
2006,290,Y,Y,N,N,N,AR
2006,86,Y,Y,N,Y,N,AR
2006,75,Y,N,Y,Y,N,AR
2006,61,N,Y,N,N,N,AK
2006,22,N,Y,N,Y,N,AR
2006,2,N,Y,N,Y,N,AK
2007,163,N,Y,Y,Y,N,AZ
2007,182,N,Y,Y,Y,N,AR
2007,91,Y,Y,N,Y,N,AR
2008,185,Y,N,Y,Y,N,AL
2008,677,N,N,N,N,N,AR
2008,156,Y,Y,Y,N,N,AR
2008,73,Y,N,Y,Y,N,AZ
2008,51,N,Y,Y,N,N,AK
2008,5,N,Y,N,Y,N,AK
2009,867,N,Y,N,N,N,AL
2009,256,Y,Y,Y,N,N,AL
2009,82,Y,Y,N,Y,N,AR
2009,22,N,Y,N,Y,N,AR
2009,155,Y,Y,N,Y,N,AL
2009,39,Y,Y,Y,N,N,AK
2009,7,N,Y,N,Y,N,AK
2009,7,Y,N,Y,Y,N,AK
2010,308,Y,Y,N,N,N,AR
2010,92,Y,N,Y,Y,N,AR
2010,66,N,Y,N,N,N,AK
2011,253,Y,Y,Y,N,N,AL
2011,279,N,Y,Y,N,N,AL
2011,70,N,Y,Y,Y,N,AK
2011,283,Y,Y,N,N,N,AR
2011,83,Y,Y,N,Y,N,AR
2011,53,Y,Y,N,N,N,AK
2012,35,N,Y,N,Y,N,AL
2012,26,Y,N,N,N,N,AL
2012,18,N,Y,N,Y,N,AZ
2012,34,Y,Y,Y,N,N,AK
2013,729,N,N,N,N,N,AR
2013,5,N,N,N,Y,N,AR
2014,876,N,Y,N,N,N,AL
2014,249,N,Y,N,N,N,AZ
2014,36,N,Y,N,Y,N,AL
2014,78,Y,Y,N,N,N,AK
2015,998,N,N,N,N,N,AL
2015,105,N,Y,Y,N,N,AZ
2015,91,Y,N,Y,Y,N,AR
2015,3,Y,N,N,N,N,AZ
2015,2,N,N,N,N,N,AS
2016,253,Y,Y,Y,N,N,AL
2016,144,N,Y,Y,Y,N,AZ
2016,131,N,N,N,N,N,AK
2017,420,Y,Y,N,N,N,AL
2017,332,N,Y,Y,Y,N,AL
2017,140,Y,Y,N,Y,N,AL
2017,3,Y,N,Y,Y,N,AK
2017,84,Y,Y,N,Y,N,AR
2017,28,Y,N,N,N,N,AL
2017,19,Y,Y,N,Y,N,AK
2017,1,Y,Y,N,N,N,AS
2018,238,N,Y,N,N,N,AZ
2018,841,N,Y,N,N,N,AL
2018,96,Y,N,Y,Y,N,AR
2018,110,N,Y,Y,N,N,AZ
2019,419,Y,Y,N,N,N,AL
2019,7,N,Y,N,Y,N,AK
2019,21,Y,Y,N,Y,N,AK
2019,141,Y,Y,N,Y,N,AL
2019,6,Y,N,N,N,N,AZ
2019,15,N,Y,N,Y,N,AZ
2019,102,N,Y,Y,Y,N,AK
2020,951,N,N,N,N,N,AL
2020,140,Y,Y,Y,N,N,AR
2020,118,N,Y,Y,N,N,AR
2020,85,Y,N,Y,Y,N,AR
2020,37,Y,Y,N,Y,N,AZ
2020,12,N,Y,N,Y,N,AK
2020,126,Y,Y,N,N,N,AK
2021,187,N,Y,Y,Y,N,AR
2021,115,N,Y,N,N,N,AK
2021,8,Y,N,Y,Y,N,AK
2021,14,N,Y,N,Y,N,AK
2021,107,Y,Y,N,N,N,AK
2021,1,Y,N,N,N,Y,AR
2022,146,Y,Y,Y,N,N,AR
2022,14,N,Y,N,Y,N,AZ
2022,1,Y,Y,N,Y,N,AS
2022,5,Y,N,N,N,N,AZ
2023,415,Y,Y,N,N,N,AL
2023,35,N,Y,N,Y,N,AR
2023,25,N,Y,N,Y,N,AL
2023,6,Y,N,N,N,N,AZ
2023,7,Y,N,Y,Y,N,AK
1999,198,Y,Y,Y,N,N,AR
1999,29,N,N,Y,N,N,AZ
1999,103,N,N,Y,N,N,AL
1999,1,N,N,N,Y,N,AR
