Notes,State,Year,Sex,Deaths,Population,Crude Rate
Total,Alabama,1999,Female,95,2293259,4.14
Total,Alabama,1999,Male,115,2136882,5.38
Total,Alabama,2000,Female,91,2302835,3.95
Total,Alabama,2000,Male,126,2149338,5.86
Total,Alabama,2001,Female,99,2309496,4.29
Total,Alabama,2001,Male,104,2158138,4.82
Total,Alabama,2002,Female,100,2314370,4.32
Total,Alabama,2002,Male,119,2165719,5.49
Total,Alabama,2003,Female,91,2324069,3.92
Total,Alabama,2003,Male,113,2179422,5.18
Total,Alabama,2004,Female,95,2337857,4.06
Total,Alabama,2004,Male,120,2192872,5.47
Total,Alabama,2005,Female,85,2354514,3.61
Total,Alabama,2005,Male,108,2211403,4.88
Total,Alabama,2006,Female,93,2385480,3.9
Total,Alabama,2006,Male,105,2243501,4.68
Total,Alabama,2007,Female,113,2407275,4.69
Total,Alabama,2007,Male,129,2265565,5.69
Total,Alabama,2008,Female,111,2430257,4.57
Total,Alabama,2008,Male,136,2287949,5.94
Total,Alabama,2009,Female,120,2448159,4.9
Total,Alabama,2009,Male,148,2309779,6.41
Total,Alabama,2010,Female,126,2463321,5.12
Total,Alabama,2010,Male,148,2324760,6.37
Total,Alabama,2011,Female,114,2475112,4.61
Total,Alabama,2011,Male,149,2337199,6.38
Total,Alabama,2012,Female,117,2487610,4.7
Total,Alabama,2012,Male,149,2351853,6.34
Total,Alabama,2013,Female,129,2498831,5.16
Total,Alabama,2013,Male,169,2365767,7.14
Total,Alabama,2014,Female,129,2509291,5.14
Total,Alabama,2014,Male,161,2377579,6.77
Total,Alabama,2015,Female,143,2518825,5.68
Total,Alabama,2015,Male,162,2389348,6.78
Total,Alabama,2016,Female,136,2529744,5.38
Total,Alabama,2016,Male,175,2400746,7.29
Total,Alabama,2017,Female,120,2540935,4.72
Total,Alabama,2017,Male,152,2410917,6.3
Total,Alabama,2018,Female,140,2553156,5.48
Total,Alabama,2018,Male,158,2422906,6.52
Total,Alabama,2019,Female,138,2566696,5.38
Total,Alabama,2019,Male,171,2436554,7.02
Total,Alabama,2020,Female,148,2581772,5.73
Total,Alabama,2020,Male,167,2449590,6.82
Total,Alabama,2021,Female,143,2593360,5.51
Total,Alabama,2021,Male,164,2456486,6.68
Total,Alaska,2004,Male,18,341479,5.27
Total,Alaska,2008,Female,18,329412,5.46
Total,Alaska,2009,Male,20,361893,5.53
Total,Alaska,2011,Male,27,376520,7.17
Total,Alaska,2013,Male,17,387488,4.39
Total,Alaska,2016,Female,21,352134,5.96
Total,Alaska,2016,Male,18,391396,4.6
Total,Alaska,2017,Female,18,351866,5.12
Total,Alaska,2018,Male,24,387881,6.19
Total,Alaska,2019,Male,19,386813,4.91
Total,Alaska,2020,Male,23,386040,5.96
Total,Alaska,2021,Male,27,386669,6.98
Total,Arizona,1999,Female,96,2518299,3.81
Total,Arizona,1999,Male,130,2505524,5.19
Total,Arizona,2000,Female,91,2584579,3.52
Total,Arizona,2000,Male,129,2576007,5.01
Total,Arizona,2001,Female,111,2641676,4.2
Total,Arizona,2001,Male,107,2631801,4.07
Total,Arizona,2002,Female,83,2704217,3.07
Total,Arizona,2002,Male,132,2692038,4.9
Total,Arizona,2003,Female,92,2764077,3.33
Total,Arizona,2003,Male,130,2746287,4.73
Total,Arizona,2004,Female,112,2835606,3.95
Total,Arizona,2004,Male,115,2816798,4.08
Total,Arizona,2005,Female,124,2930811,4.23
Total,Arizona,2005,Male,155,2908266,5.33
Total,Arizona,2006,Female,116,3026134,3.83
Total,Arizona,2006,Male,136,3003007,4.53
Total,Arizona,2007,Female,111,3096998,3.58
Total,Arizona,2007,Male,143,3070683,4.66
Total,Arizona,2008,Female,117,3155278,3.71
Total,Arizona,2008,Male,156,3125084,4.99
Total,Arizona,2009,Female,125,3189908,3.92
Total,Arizona,2009,Male,153,3153246,4.85
Total,Arizona,2010,Female,118,3220061,3.66
Total,Arizona,2010,Male,157,3182111,4.93
Total,Arizona,2011,Female,131,3238879,4.04
Total,Arizona,2011,Male,147,3208408,4.58
Total,Arizona,2012,Female,145,3266750,4.44
Total,Arizona,2012,Male,195,3241834,6.02
Total,Arizona,2013,Female,155,3293421,4.71
Total,Arizona,2013,Male,174,3271389,5.32
Total,Arizona,2014,Female,154,3327508,4.63
Total,Arizona,2014,Male,206,3312366,6.22
Total,Arizona,2015,Female,142,3362624,4.22
Total,Arizona,2015,Male,190,3353450,5.67
Total,Arizona,2016,Female,147,3404276,4.32
Total,Arizona,2016,Male,196,3398843,5.77
Total,Arizona,2017,Female,147,3441337,4.27
Total,Arizona,2017,Male,197,3439404,5.73
Total,Arizona,2018,Female,160,3483806,4.59
Total,Arizona,2018,Male,206,3486699,5.91
Total,Arizona,2019,Female,159,3531944,4.5
Total,Arizona,2019,Male,221,3538864,6.24
Total,Arizona,2020,Female,163,3585457,4.55
Total,Arizona,2020,Male,229,3594486,6.37
Total,Arizona,2021,Female,168,3630237,4.63
Total,Arizona,2021,Male,228,3634640,6.27
Total,Arkansas,1999,Female,73,1359445,5.37
Total,Arkansas,1999,Male,99,1292415,7.66
Total,Arkansas,2000,Female,70,1371015,5.11
Total,Arkansas,2000,Male,91,1307573,6.96
Total,Arkansas,2001,Female,76,1376845,5.52
Total,Arkansas,2001,Male,64,1314726,4.87
Total,Arkansas,2002,Female,77,1383239,5.57
Total,Arkansas,2002,Male,77,1322688,5.82
Total,Arkansas,2003,Female,60,1391523,4.31
Total,Arkansas,2003,Male,88,1333293,6.6
Total,Arkansas,2004,Female,71,1403048,5.06
Total,Arkansas,2004,Male,76,1346638,5.64
Total,Arkansas,2005,Female,70,1418295,4.94
Total,Arkansas,2005,Male,76,1362802,5.58
Total,Arkansas,2006,Female,65,1438428,4.52
Total,Arkansas,2006,Male,69,1383333,4.99
Total,Arkansas,2007,Female,80,1451358,5.51
Total,Arkansas,2007,Male,93,1397292,6.66
Total,Arkansas,2008,Female,72,1464220,4.92
Total,Arkansas,2008,Male,86,1410334,6.1
Total,Arkansas,2009,Female,71,1475013,4.81
Total,Arkansas,2009,Male,93,1421830,6.54
Total,Arkansas,2010,Female,67,1486792,4.51
Total,Arkansas,2010,Male,90,1434816,6.27
Total,Arkansas,2011,Female,60,1494102,4.02
Total,Arkansas,2011,Male,97,1444834,6.71
Total,Arkansas,2012,Female,91,1497794,6.08
Total,Arkansas,2012,Male,84,1451214,5.79
Total,Arkansas,2013,Female,69,1499855,4.6
Total,Arkansas,2013,Male,99,1454936,6.8
Total,Arkansas,2014,Female,73,1501997,4.86
Total,Arkansas,2014,Male,95,1459250,6.51
Total,Arkansas,2015,Female,89,1504935,5.91
Total,Arkansas,2015,Male,108,1465464,7.37
Total,Arkansas,2016,Female,78,1508822,5.17
Total,Arkansas,2016,Male,103,1471748,7
Total,Arkansas,2017,Female,72,1512745,4.76
Total,Arkansas,2017,Male,87,1477837,5.89
Total,Arkansas,2018,Female,83,1515761,5.48
Total,Arkansas,2018,Male,79,1481299,5.33
Total,Arkansas,2019,Female,73,1518663,4.81
Total,Arkansas,2019,Male,107,1485478,7.2
Total,Arkansas,2020,Female,88,1523396,5.78
Total,Arkansas,2020,Male,113,1490799,7.58
Total,Arkansas,2021,Female,87,1530815,5.68
Total,Arkansas,2021,Male,97,1497307,6.48
Total,California,1999,Female,669,16800161,3.98
Total,California,1999,Male,773,16699043,4.63
Total,California,2000,Female,609,17050415,3.57
Total,California,2000,Male,771,16937562,4.55
Total,California,2001,Female,607,17294223,3.51
Total,California,2001,Male,754,17185235,4.39
Total,California,2002,Female,606,17498462,3.46
Total,California,2002,Male,803,17373381,4.62
Total,California,2003,Female,639,17709509,3.61
Total,California,2003,Male,774,17543650,4.41
Total,California,2004,Female,613,17871415,3.43
Total,California,2004,Male,775,17703161,4.38
Total,California,2005,Female,624,17996230,3.47
Total,California,2005,Male,852,17831713,4.78
Total,California,2006,Female,621,18097471,3.43
Total,California,2006,Male,800,17923731,4.46
Total,California,2007,Female,656,18214926,3.6
Total,California,2007,Male,825,18035385,4.57
Total,California,2008,Female,646,18396972,3.51
Total,California,2008,Male,867,18207365,4.76
Total,California,2009,Female,685,18583075,3.69
Total,California,2009,Male,881,18378154,4.79
Total,California,2010,Female,691,18771019,3.68
Total,California,2010,Male,837,18551841,4.51
Total,California,2011,Female,713,18930689,3.77
Total,California,2011,Male,909,18722648,4.86
Total,California,2012,Female,736,19077032,3.86
Total,California,2012,Male,978,18897402,5.18
Total,California,2013,Female,739,19227118,3.84
Total,California,2013,Male,970,19068920,5.09
Total,California,2014,Female,743,19381496,3.83
Total,California,2014,Male,1006,19258992,5.22
Total,California,2015,Female,800,19524913,4.1
Total,California,2015,Male,1026,19444856,5.28
Total,California,2016,Female,828,19633747,4.22
Total,California,2016,Male,1059,19591636,5.41
Total,California,2017,Female,778,19709744,3.95
Total,California,2017,Male,1023,19713651,5.19
Total,California,2018,Female,799,19744172,4.05
Total,California,2018,Male,1159,19790095,5.86
Total,California,2019,Female,833,19733279,4.22
Total,California,2019,Male,1076,19813381,5.43
Total,California,2020,Female,894,19702206,4.54
Total,California,2020,Male,1200,19799447,6.06
Total,California,2021,Female,858,19536044,4.39
Total,California,2021,Male,1184,19606947,6.04
Total,Colorado,1999,Female,61,2101358,2.9
Total,Colorado,1999,Male,102,2124660,4.8
Total,Colorado,2000,Female,84,2147742,3.91
Total,Colorado,2000,Male,83,2179179,3.81
Total,Colorado,2001,Female,71,2195705,3.23
Total,Colorado,2001,Male,101,2229982,4.53
Total,Colorado,2002,Female,87,2228665,3.9
Total,Colorado,2002,Male,87,2261741,3.85
Total,Colorado,2003,Female,80,2253214,3.55
Total,Colorado,2003,Male,126,2275518,5.54
Total,Colorado,2004,Female,81,2274511,3.56
Total,Colorado,2004,Male,95,2300502,4.13
Total,Colorado,2005,Female,80,2308238,3.47
Total,Colorado,2005,Male,106,2323650,4.56
Total,Colorado,2006,Female,83,2352960,3.53
Total,Colorado,2006,Male,116,2367463,4.9
Total,Colorado,2007,Female,97,2396433,4.05
Total,Colorado,2007,Male,111,2407435,4.61
Total,Colorado,2008,Female,90,2439060,3.69
Total,Colorado,2008,Male,117,2450670,4.77
Total,Colorado,2009,Female,80,2480710,3.22
Total,Colorado,2009,Male,136,2491485,5.46
Total,Colorado,2010,Female,100,2517257,3.97
Total,Colorado,2010,Male,126,2529888,4.98
Total,Colorado,2011,Female,86,2551425,3.37
Total,Colorado,2011,Male,128,2568280,4.98
Total,Colorado,2012,Female,112,2583360,4.34
Total,Colorado,2012,Male,131,2606132,5.03
Total,Colorado,2013,Female,123,2617360,4.7
Total,Colorado,2013,Male,133,2647050,5.02
Total,Colorado,2014,Female,120,2651999,4.52
Total,Colorado,2014,Male,123,2691819,4.57
Total,Colorado,2015,Female,104,2695909,3.86
Total,Colorado,2015,Male,134,2747063,4.88
Total,Colorado,2016,Female,114,2734236,4.17
Total,Colorado,2016,Male,161,2795496,5.76
Total,Colorado,2017,Female,127,2764979,4.59
Total,Colorado,2017,Male,140,2835322,4.94
Total,Colorado,2018,Female,106,2800474,3.79
Total,Colorado,2018,Male,152,2876776,5.28
Total,Colorado,2019,Female,139,2825265,4.92
Total,Colorado,2019,Male,157,2910654,5.39
Total,Colorado,2020,Female,107,2847911,3.76
Total,Colorado,2020,Male,166,2936954,5.65
Total,Colorado,2021,Female,121,2861186,4.23
Total,Colorado,2021,Male,167,2950111,5.66
Total,Connecticut,1999,Female,57,1747148,3.26
Total,Connecticut,1999,Male,100,1639253,6.1
Total,Connecticut,2000,Female,77,1759318,4.38
Total,Connecticut,2000,Male,88,1652459,5.33
Total,Connecticut,2001,Female,80,1768959,4.52
Total,Connecticut,2001,Male,71,1663876,4.27
Total,Connecticut,2002,Female,59,1780500,3.31
Total,Connecticut,2002,Male,87,1678249,5.18
Total,Connecticut,2003,Female,62,1793468,3.46
Total,Connecticut,2003,Male,91,1690868,5.38
Total,Connecticut,2004,Female,78,1798078,4.34
Total,Connecticut,2004,Male,77,1698016,4.53
Total,Connecticut,2005,Female,85,1802068,4.72
Total,Connecticut,2005,Male,81,1704888,4.75
Total,Connecticut,2006,Female,81,1807675,4.48
Total,Connecticut,2006,Male,73,1709785,4.27
Total,Connecticut,2007,Female,63,1811617,3.48
Total,Connecticut,2007,Male,91,1715653,5.3
Total,Connecticut,2008,Female,62,1820749,3.41
Total,Connecticut,2008,Male,91,1724830,5.28
Total,Connecticut,2009,Female,82,1828779,4.48
Total,Connecticut,2009,Male,100,1733028,5.77
Total,Connecticut,2010,Female,90,1837204,4.9
Total,Connecticut,2010,Male,109,1743193,6.25
Total,Connecticut,2011,Female,80,1842651,4.34
Total,Connecticut,2011,Male,91,1751874,5.19
Total,Connecticut,2012,Female,73,1846774,3.95
Total,Connecticut,2012,Male,95,1758955,5.4
Total,Connecticut,2013,Female,76,1847613,4.11
Total,Connecticut,2013,Male,79,1763195,4.48
Total,Connecticut,2014,Female,78,1847943,4.22
Total,Connecticut,2014,Male,111,1767185,6.28
Total,Connecticut,2015,Female,93,1845155,5.04
Total,Connecticut,2015,Male,119,1767209,6.73
Total,Connecticut,2016,Female,75,1842071,4.07
Total,Connecticut,2016,Male,128,1765849,7.25
Total,Connecticut,2017,Female,83,1840849,4.51
Total,Connecticut,2017,Male,103,1766722,5.83
Total,Connecticut,2018,Female,88,1842025,4.78
Total,Connecticut,2018,Male,108,1769203,6.1
Total,Connecticut,2019,Female,92,1838979,5
Total,Connecticut,2019,Male,108,1768149,6.11
Total,Connecticut,2020,Female,97,1833701,5.29
Total,Connecticut,2020,Male,143,1763661,8.11
Total,Connecticut,2021,Female,110,1848249,5.95
Total,Connecticut,2021,Male,110,1775106,6.2
Total,Delaware,1999,Female,21,398732,5.27
Total,Delaware,2000,Female,16,404447,3.96
Total,Delaware,2000,Male,23,381926,6.02
Total,Delaware,2001,Female,19,409349,4.64
Total,Delaware,2001,Male,27,386350,6.99
Total,Delaware,2002,Female,19,414652,4.58
Total,Delaware,2002,Male,21,391517,5.36
Total,Delaware,2003,Male,19,397201,4.78
Total,Delaware,2004,Male,19,403483,4.71
Total,Delaware,2005,Female,18,435227,4.14
Total,Delaware,2005,Male,21,409923,5.12
Total,Delaware,2006,Female,16,442766,3.61
Total,Delaware,2006,Male,30,416502,7.2
Total,Delaware,2007,Female,17,449398,3.78
Total,Delaware,2007,Male,18,422351,4.26
Total,Delaware,2008,Female,25,455481,5.49
Total,Delaware,2008,Male,25,428393,5.84
Total,Delaware,2009,Female,17,459795,3.7
Total,Delaware,2009,Male,25,431935,5.79
Total,Delaware,2010,Male,20,435806,4.59
Total,Delaware,2011,Female,23,468251,4.91
Total,Delaware,2011,Male,22,440058,5
Total,Delaware,2012,Female,24,472129,5.08
Total,Delaware,2012,Male,23,444694,5.17
Total,Delaware,2013,Female,31,476794,6.5
Total,Delaware,2013,Male,22,449119,4.9
Total,Delaware,2014,Female,20,481382,4.15
Total,Delaware,2014,Male,23,454094,5.07
Total,Delaware,2015,Male,24,458995,5.23
Total,Delaware,2016,Female,29,490294,5.91
Total,Delaware,2016,Male,38,463008,8.21
Total,Delaware,2017,Female,21,494305,4.25
Total,Delaware,2017,Male,30,467350,6.42
Total,Delaware,2018,Female,17,499050,3.41
Total,Delaware,2018,Male,30,472114,6.35
Total,Delaware,2019,Female,16,504102,3.17
Total,Delaware,2019,Male,29,477217,6.08
Total,Delaware,2020,Female,29,509621,5.69
Total,Delaware,2020,Male,23,482493,4.77
Total,Delaware,2021,Female,27,516346,5.23
Total,Delaware,2021,Male,32,488461,6.55
Total,District of Columbia,2018,Female,20,357544,5.59
Total,District of Columbia,2019,Male,18,328841,5.47
Total,Florida,1999,Female,351,8073847,4.35
Total,Florida,1999,Male,422,7685574,5.49
Total,Florida,2000,Female,380,8217314,4.62
Total,Florida,2000,Male,527,7830201,6.73
Total,Florida,2001,Female,389,8372776,4.65
Total,Florida,2001,Male,513,7984190,6.43
Total,Florida,2002,Female,380,8541734,4.45
Total,Florida,2002,Male,478,8147636,5.87
Total,Florida,2003,Female,355,8697573,4.08
Total,Florida,2003,Male,463,8306512,5.57
Total,Florida,2004,Female,394,8902447,4.43
Total,Florida,2004,Male,446,8512871,5.24
Total,Florida,2005,Female,397,9117950,4.35
Total,Florida,2005,Male,492,8724088,5.64
Total,Florida,2006,Female,378,9280080,4.07
Total,Florida,2006,Male,482,8886910,5.42
Total,Florida,2007,Female,384,9378587,4.09
Total,Florida,2007,Male,467,8989255,5.2
Total,Florida,2008,Female,367,9465279,3.88
Total,Florida,2008,Male,500,9062026,5.52
Total,Florida,2009,Female,404,9534289,4.24
Total,Florida,2009,Male,514,9118355,5.64
Total,Florida,2010,Female,411,9630573,4.27
Total,Florida,2010,Male,563,9212520,6.11
Total,Florida,2011,Female,418,9720059,4.3
Total,Florida,2011,Male,593,9320475,6.36
Total,Florida,2012,Female,468,9834712,4.76
Total,Florida,2012,Male,612,9439434,6.48
Total,Florida,2013,Female,481,9947169,4.84
Total,Florida,2013,Male,541,9563196,5.66
Total,Florida,2014,Female,479,10086932,4.75
Total,Florida,2014,Male,635,9711136,6.54
Total,Florida,2015,Female,509,10256144,4.96
Total,Florida,2015,Male,672,9892000,6.79
Total,Florida,2016,Female,484,10449033,4.63
Total,Florida,2016,Male,610,10090810,6.05
Total,Florida,2017,Female,525,10612637,4.95
Total,Florida,2017,Male,699,10259731,6.81
Total,Florida,2018,Female,544,10739166,5.07
Total,Florida,2018,Male,657,10394899,6.32
Total,Florida,2019,Female,522,10845683,4.81
Total,Florida,2019,Male,732,10508543,6.97
Total,Florida,2020,Female,605,10964255,5.52
Total,Florida,2020,Male,763,10625347,7.18
Total,Florida,2021,Female,589,11087829,5.31
Total,Florida,2021,Male,765,10740240,7.12
Total,Georgia,1999,Female,122,4096031,2.98
Total,Georgia,1999,Male,166,3949934,4.2
Total,Georgia,2000,Female,127,4180233,3.04
Total,Georgia,2000,Male,167,4047070,4.13
Total,Georgia,2001,Female,117,4256162,2.75
Total,Georgia,2001,Male,168,4120876,4.08
Total,Georgia,2002,Female,139,4327934,3.21
Total,Georgia,2002,Male,179,4180322,4.28
Total,Georgia,2003,Female,146,4394952,3.32
Total,Georgia,2003,Male,153,4227841,3.62
Total,Georgia,2004,Female,128,4463524,2.87
Total,Georgia,2004,Male,157,4305728,3.65
Total,Georgia,2005,Female,140,4555263,3.07
Total,Georgia,2005,Male,172,4370659,3.94
Total,Georgia,2006,Female,138,4670606,2.95
Total,Georgia,2006,Male,181,4485207,4.04
Total,Georgia,2007,Female,154,4777572,3.22
Total,Georgia,2007,Male,173,4572416,3.78
Total,Georgia,2008,Female,170,4856984,3.5
Total,Georgia,2008,Male,192,4647859,4.13
Total,Georgia,2009,Female,156,4917756,3.17
Total,Georgia,2009,Male,195,4703090,4.15
Total,Georgia,2010,Female,168,4970166,3.38
Total,Georgia,2010,Male,203,4742426,4.28
Total,Georgia,2011,Female,168,5013179,3.35
Total,Georgia,2011,Male,239,4792685,4.99
Total,Georgia,2012,Female,162,5062271,3.2
Total,Georgia,2012,Male,233,4845215,4.81
Total,Georgia,2013,Female,185,5100707,3.63
Total,Georgia,2013,Male,233,4880446,4.77
Total,Georgia,2014,Female,215,5150295,4.17
Total,Georgia,2014,Male,265,4927872,5.38
Total,Georgia,2015,Female,211,5207959,4.05
Total,Georgia,2015,Male,235,4983873,4.72
Total,Georgia,2016,Female,197,5272372,3.74
Total,Georgia,2016,Male,276,5046025,5.47
Total,Georgia,2017,Female,198,5327591,3.72
Total,Georgia,2017,Male,260,5100318,5.1
Total,Georgia,2018,Female,220,5379113,4.09
Total,Georgia,2018,Male,281,5152729,5.45
Total,Georgia,2019,Female,235,5434744,4.32
Total,Georgia,2019,Male,253,5207819,4.86
Total,Georgia,2020,Female,217,5479891,3.96
Total,Georgia,2020,Male,312,5249937,5.94
Total,Georgia,2021,Female,257,5517422,4.66
Total,Georgia,2021,Male,256,5270607,4.86
Total,Hawaii,1999,Male,18,608470,2.96
Total,Hawaii,2000,Female,20,603494,3.31
Total,Hawaii,2001,Male,23,616759,3.73
Total,Hawaii,2002,Male,26,623421,4.17
Total,Hawaii,2003,Female,27,623753,4.33
Total,Hawaii,2003,Male,23,627401,3.67
Total,Hawaii,2004,Male,26,636705,4.08
Total,Hawaii,2005,Female,16,644813,2.48
Total,Hawaii,2005,Male,19,647916,2.93
Total,Hawaii,2006,Female,17,652351,2.61
Total,Hawaii,2007,Male,18,658490,2.73
Total,Hawaii,2008,Male,20,666900,3
Total,Hawaii,2009,Female,18,673075,2.67
Total,Hawaii,2009,Male,28,673642,4.16
Total,Hawaii,2010,Female,16,681053,2.35
Total,Hawaii,2010,Male,21,683965,3.07
Total,Hawaii,2011,Female,17,690475,2.46
Total,Hawaii,2011,Male,19,694565,2.74
Total,Hawaii,2012,Female,17,699196,2.43
Total,Hawaii,2012,Male,27,706075,3.82
Total,Hawaii,2013,Female,25,706802,3.54
Total,Hawaii,2013,Male,23,716716,3.21
Total,Hawaii,2014,Female,23,711127,3.23
Total,Hawaii,2014,Male,25,723453,3.46
Total,Hawaii,2015,Female,17,716277,2.37
Total,Hawaii,2015,Male,26,730585,3.56
Total,Hawaii,2016,Female,24,720842,3.33
Total,Hawaii,2016,Male,38,736515,5.16
Total,Hawaii,2017,Female,24,721904,3.32
Total,Hawaii,2017,Male,28,736634,3.8
Total,Hawaii,2018,Female,22,722966,3.04
Total,Hawaii,2018,Male,29,737231,3.93
Total,Hawaii,2019,Female,20,721161,2.77
Total,Hawaii,2019,Male,24,735831,3.26
Total,Hawaii,2020,Female,22,718123,3.06
Total,Hawaii,2020,Male,28,732920,3.82
Total,Hawaii,2021,Male,39,729664,5.34
Total,Idaho,1999,Female,30,636798,4.71
Total,Idaho,1999,Male,49,638876,7.67
Total,Idaho,2000,Female,28,647984,4.32
Total,Idaho,2000,Male,39,651446,5.99
Total,Idaho,2001,Female,23,658043,3.5
Total,Idaho,2001,Male,40,661919,6.04
Total,Idaho,2002,Female,25,668686,3.74
Total,Idaho,2002,Male,34,671686,5.06
Total,Idaho,2003,Female,29,679877,4.27
Total,Idaho,2003,Male,53,683503,7.75
Total,Idaho,2004,Female,32,693186,4.62
Total,Idaho,2004,Male,38,698616,5.44
Total,Idaho,2005,Female,38,711983,5.34
Total,Idaho,2005,Male,43,716258,6
Total,Idaho,2006,Female,39,732104,5.33
Total,Idaho,2006,Male,39,736565,5.29
Total,Idaho,2007,Female,42,750127,5.6
Total,Idaho,2007,Male,30,754978,3.97
Total,Idaho,2008,Female,34,764792,4.45
Total,Idaho,2008,Male,39,769528,5.07
Total,Idaho,2009,Female,24,775398,3.1
Total,Idaho,2009,Male,51,779041,6.55
Total,Idaho,2010,Female,22,784127,2.81
Total,Idaho,2010,Male,55,787144,6.99
Total,Idaho,2011,Female,27,791732,3.41
Total,Idaho,2011,Male,50,794876,6.29
Total,Idaho,2012,Female,25,798162,3.13
Total,Idaho,2012,Male,58,801944,7.23
Total,Idaho,2013,Female,33,806571,4.09
Total,Idaho,2013,Male,49,811548,6.04
Total,Idaho,2014,Female,43,816970,5.26
Total,Idaho,2014,Male,63,823286,7.65
Total,Idaho,2015,Female,33,827747,3.99
Total,Idaho,2015,Male,65,834711,7.79
Total,Idaho,2016,Female,38,844274,4.5
Total,Idaho,2016,Male,61,851900,7.16
Total,Idaho,2017,Female,27,862655,3.13
Total,Idaho,2017,Male,68,871382,7.8
Total,Idaho,2018,Female,42,879117,4.78
Total,Idaho,2018,Male,58,889431,6.52
Total,Idaho,2019,Female,46,898325,5.12
Total,Idaho,2019,Male,71,909742,7.8
Total,Idaho,2020,Female,52,918349,5.66
Total,Idaho,2020,Male,46,930853,4.94
Total,Idaho,2021,Female,39,945293,4.13
Total,Idaho,2021,Male,55,959021,5.74
Total,Illinois,1999,Female,236,6313350,3.74
Total,Illinois,1999,Male,291,6045670,4.81
Total,Illinois,2000,Female,237,6345277,3.74
Total,Illinois,2000,Male,265,6088884,4.35
Total,Illinois,2001,Female,244,6370443,3.83
Total,Illinois,2001,Male,309,6118002,5.05
Total,Illinois,2002,Female,204,6387897,3.19
Total,Illinois,2002,Male,263,6137659,4.29
Total,Illinois,2003,Female,264,6402859,4.12
Total,Illinois,2003,Male,237,6153147,3.85
Total,Illinois,2004,Female,234,6414209,3.65
Total,Illinois,2004,Male,277,6175564,4.49
Total,Illinois,2005,Female,205,6423831,3.19
Total,Illinois,2005,Male,240,6186072,3.88
Total,Illinois,2006,Female,219,6440022,3.4
Total,Illinois,2006,Male,291,6203933,4.69
Total,Illinois,2007,Female,239,6467577,3.7
Total,Illinois,2007,Male,258,6228289,4.14
Total,Illinois,2008,Female,217,6493537,3.34
Total,Illinois,2008,Male,284,6253501,4.54
Total,Illinois,2009,Female,256,6520723,3.93
Total,Illinois,2009,Male,314,6276055,5
Total,Illinois,2010,Female,241,6544762,3.68
Total,Illinois,2010,Male,304,6300889,4.82
Total,Illinois,2011,Female,251,6562579,3.82
Total,Illinois,2011,Male,299,6330900,4.72
Total,Illinois,2012,Female,247,6574841,3.76
Total,Illinois,2012,Male,347,6354390,5.46
Total,Illinois,2013,Female,255,6583704,3.87
Total,Illinois,2013,Male,328,6378540,5.14
Total,Illinois,2014,Female,272,6582714,4.13
Total,Illinois,2014,Male,340,6388733,5.32
Total,Illinois,2015,Female,261,6572651,3.97
Total,Illinois,2015,Male,344,6393009,5.38
Total,Illinois,2016,Female,291,6555785,4.44
Total,Illinois,2016,Male,335,6391342,5.24
Total,Illinois,2017,Female,267,6537770,4.08
Total,Illinois,2017,Male,344,6386254,5.39
Total,Illinois,2018,Female,268,6513846,4.11
Total,Illinois,2018,Male,340,6374131,5.33
Total,Illinois,2019,Female,244,6489374,3.76
Total,Illinois,2019,Male,372,6360298,5.85
Total,Illinois,2020,Female,295,6453449,4.57
Total,Illinois,2020,Male,365,6333131,5.76
Total,Illinois,2021,Female,286,6403681,4.47
Total,Illinois,2021,Male,393,6282788,6.26
Total,Indiana,1999,Female,141,3083351,4.57
Total,Indiana,1999,Male,148,2961618,5
Total,Indiana,2000,Female,122,3103169,3.93
Total,Indiana,2000,Male,147,2988697,4.92
Total,Indiana,2001,Female,138,3120158,4.42
Total,Indiana,2001,Male,153,3007602,5.09
Total,Indiana,2002,Female,142,3133342,4.53
Total,Indiana,2002,Male,160,3022625,5.29
Total,Indiana,2003,Female,138,3152366,4.38
Total,Indiana,2003,Male,161,3044272,5.29
Total,Indiana,2004,Female,135,3168952,4.26
Total,Indiana,2004,Male,153,3064055,4.99
Total,Indiana,2005,Female,127,3191481,3.98
Total,Indiana,2005,Male,151,3087135,4.89
Total,Indiana,2006,Female,127,3218203,3.95
Total,Indiana,2006,Male,171,3114466,5.49
Total,Indiana,2007,Female,159,3241454,4.91
Total,Indiana,2007,Male,155,3138145,4.94
Total,Indiana,2008,Female,159,3263963,4.87
Total,Indiana,2008,Male,175,3160843,5.54
Total,Indiana,2009,Female,135,3281477,4.11
Total,Indiana,2009,Male,167,3177848,5.26
Total,Indiana,2010,Female,114,3297239,3.46
Total,Indiana,2010,Male,164,3194215,5.13
Total,Indiana,2011,Female,135,3309563,4.08
Total,Indiana,2011,Male,198,3212177,6.16
Total,Indiana,2012,Female,162,3318043,4.88
Total,Indiana,2012,Male,195,3228841,6.04
Total,Indiana,2013,Female,141,3332296,4.23
Total,Indiana,2013,Male,183,3249498,5.63
Total,Indiana,2014,Female,144,3343628,4.31
Total,Indiana,2014,Male,183,3266749,5.6
Total,Indiana,2015,Female,151,3349378,4.51
Total,Indiana,2015,Male,203,3279574,6.19
Total,Indiana,2016,Female,138,3361316,4.11
Total,Indiana,2016,Male,212,3297098,6.43
Total,Indiana,2017,Female,144,3372470,4.27
Total,Indiana,2017,Male,206,3313064,6.22
Total,Indiana,2018,Female,151,3389039,4.46
Total,Indiana,2018,Male,207,3336346,6.2
Total,Indiana,2019,Female,155,3404745,4.55
Total,Indiana,2019,Male,196,3356854,5.84
Total,Indiana,2020,Female,178,3415955,5.21
Total,Indiana,2020,Male,190,3372844,5.63
Total,Indiana,2021,Female,158,3427724,4.61
Total,Indiana,2021,Male,197,3385808,5.82
Total,Iowa,1999,Female,75,1488223,5.04
Total,Iowa,1999,Male,91,1429411,6.37
Total,Iowa,2000,Female,62,1491775,4.16
Total,Iowa,2000,Male,86,1437292,5.98
Total,Iowa,2001,Female,73,1492287,4.89
Total,Iowa,2001,Male,90,1439710,6.25
Total,Iowa,2002,Female,78,1491450,5.23
Total,Iowa,2002,Male,84,1442784,5.82
Total,Iowa,2003,Female,91,1493907,6.09
Total,Iowa,2003,Male,90,1448092,6.22
Total,Iowa,2004,Female,71,1498888,4.74
Total,Iowa,2004,Male,89,1454747,6.12
Total,Iowa,2005,Female,76,1503019,5.06
Total,Iowa,2005,Male,103,1461435,7.05
Total,Iowa,2006,Female,77,1511124,5.1
Total,Iowa,2006,Male,99,1471520,6.73
Total,Iowa,2007,Female,75,1518023,4.94
Total,Iowa,2007,Male,102,1481189,6.89
Total,Iowa,2008,Female,68,1525539,4.46
Total,Iowa,2008,Male,114,1491195,7.64
Total,Iowa,2009,Female,96,1532739,6.26
Total,Iowa,2009,Male,108,1500131,7.2
Total,Iowa,2010,Female,72,1539932,4.68
Total,Iowa,2010,Male,100,1511562,6.62
Total,Iowa,2011,Female,69,1546895,4.46
Total,Iowa,2011,Male,88,1523310,5.78
Total,Iowa,2012,Female,66,1551369,4.25
Total,Iowa,2012,Male,105,1531585,6.86
Total,Iowa,2013,Female,82,1559290,5.26
Total,Iowa,2013,Male,116,1543384,7.52
Total,Iowa,2014,Female,72,1566770,4.6
Total,Iowa,2014,Male,100,1555187,6.43
Total,Iowa,2015,Female,93,1571511,5.92
Total,Iowa,2015,Male,107,1564911,6.84
Total,Iowa,2016,Female,93,1576365,5.9
Total,Iowa,2016,Male,104,1573247,6.61
Total,Iowa,2017,Female,72,1581112,4.55
Total,Iowa,2017,Male,104,1581455,6.58
Total,Iowa,2018,Female,80,1583993,5.05
Total,Iowa,2018,Male,110,1587339,6.93
Total,Iowa,2019,Female,82,1588271,5.16
Total,Iowa,2019,Male,117,1595481,7.33
Total,Iowa,2020,Female,80,1590124,5.03
Total,Iowa,2020,Male,99,1600447,6.19
Total,Iowa,2021,Female,84,1592470,5.27
Total,Iowa,2021,Male,97,1605219,6.04
Total,Kansas,1999,Female,70,1356044,5.16
Total,Kansas,1999,Male,70,1322294,5.29
Total,Kansas,2000,Female,56,1362500,4.11
Total,Kansas,2000,Male,71,1331181,5.33
Total,Kansas,2001,Female,68,1365966,4.98
Total,Kansas,2001,Male,73,1336196,5.46
Total,Kansas,2002,Female,68,1371898,4.96
Total,Kansas,2002,Male,87,1341637,6.48
Total,Kansas,2003,Female,65,1377415,4.72
Total,Kansas,2003,Male,79,1345589,5.87
Total,Kansas,2004,Female,68,1382396,4.92
Total,Kansas,2004,Male,84,1351977,6.21
Total,Kansas,2005,Female,65,1387958,4.68
Total,Kansas,2005,Male,91,1357341,6.7
Total,Kansas,2006,Female,67,1394092,4.81
Total,Kansas,2006,Male,82,1368839,5.99
Total,Kansas,2007,Female,60,1405705,4.27
Total,Kansas,2007,Male,75,1378080,5.44
Total,Kansas,2008,Female,64,1415563,4.52
Total,Kansas,2008,Male,82,1392513,5.89
Total,Kansas,2009,Female,57,1428139,3.99
Total,Kansas,2009,Male,92,1404565,6.55
Total,Kansas,2010,Female,56,1440086,3.89
Total,Kansas,2010,Male,78,1418739,5.5
Total,Kansas,2011,Female,73,1445374,5.05
Total,Kansas,2011,Male,104,1427337,7.29
Total,Kansas,2012,Female,69,1451660,4.75
Total,Kansas,2012,Male,104,1439881,7.22
Total,Kansas,2013,Female,87,1454161,5.98
Total,Kansas,2013,Male,82,1448029,5.66
Total,Kansas,2014,Female,70,1456414,4.81
Total,Kansas,2014,Male,100,1455618,6.87
Total,Kansas,2015,Female,56,1459985,3.84
Total,Kansas,2015,Male,100,1463226,6.83
Total,Kansas,2016,Female,66,1460885,4.52
Total,Kansas,2016,Male,85,1466743,5.8
Total,Kansas,2017,Female,77,1459459,5.28
Total,Kansas,2017,Male,93,1468087,6.33
Total,Kansas,2018,Female,89,1460098,6.1
Total,Kansas,2018,Male,89,1471462,6.05
Total,Kansas,2019,Female,69,1460683,4.72
Total,Kansas,2019,Male,104,1472989,7.06
Total,Kansas,2020,Female,73,1461337,5
Total,Kansas,2020,Male,106,1476582,7.18
Total,Kansas,2021,Female,77,1461544,5.27
Total,Kansas,2021,Male,91,1476378,6.16
Total,Kentucky,1999,Female,87,2056401,4.23
Total,Kentucky,1999,Male,101,1961652,5.15
Total,Kentucky,2000,Female,86,2069716,4.16
Total,Kentucky,2000,Male,104,1979305,5.25
Total,Kentucky,2001,Female,87,2076871,4.19
Total,Kentucky,2001,Male,116,1991261,5.83
Total,Kentucky,2002,Female,85,2087223,4.07
Total,Kentucky,2002,Male,109,2002652,5.44
Total,Kentucky,2003,Female,104,2102308,4.95
Total,Kentucky,2003,Male,104,2014862,5.16
Total,Kentucky,2004,Female,79,2112051,3.74
Total,Kentucky,2004,Male,90,2034050,4.42
Total,Kentucky,2005,Female,81,2129658,3.8
Total,Kentucky,2005,Male,99,2053084,4.82
Total,Kentucky,2006,Female,78,2149096,3.63
Total,Kentucky,2006,Male,101,2070143,4.88
Total,Kentucky,2007,Female,84,2164210,3.88
Total,Kentucky,2007,Male,138,2092462,6.6
Total,Kentucky,2008,Female,104,2183532,4.76
Total,Kentucky,2008,Male,119,2106346,5.65
Total,Kentucky,2009,Female,109,2193136,4.97
Total,Kentucky,2009,Male,108,2123938,5.08
Total,Kentucky,2010,Female,114,2208859,5.16
Total,Kentucky,2010,Male,117,2140392,5.47
Total,Kentucky,2011,Female,99,2220219,4.46
Total,Kentucky,2011,Male,125,2154469,5.8
Total,Kentucky,2012,Female,107,2226794,4.81
Total,Kentucky,2012,Male,138,2167926,6.37
Total,Kentucky,2013,Female,102,2234638,4.56
Total,Kentucky,2013,Male,130,2182002,5.96
Total,Kentucky,2014,Female,94,2239722,4.2
Total,Kentucky,2014,Male,143,2189751,6.53
Total,Kentucky,2015,Female,116,2244717,5.17
Total,Kentucky,2015,Male,130,2199637,5.91
Total,Kentucky,2016,Female,137,2250442,6.09
Total,Kentucky,2016,Male,155,2207705,7.02
Total,Kentucky,2017,Female,110,2257061,4.87
Total,Kentucky,2017,Male,136,2218823,6.13
Total,Kentucky,2018,Female,109,2261620,4.82
Total,Kentucky,2018,Male,156,2225660,7.01
Total,Kentucky,2019,Female,106,2264908,4.68
Total,Kentucky,2019,Male,138,2233218,6.18
Total,Kentucky,2020,Female,116,2268474,5.11
Total,Kentucky,2020,Male,151,2238971,6.74
Total,Kentucky,2021,Female,111,2269627,4.89
Total,Kentucky,2021,Male,162,2236962,7.24
Total,Louisiana,1999,Female,86,2302744,3.73
Total,Louisiana,1999,Male,96,2158067,4.45
Total,Louisiana,2000,Female,67,2306978,2.9
Total,Louisiana,2000,Male,97,2164907,4.48
Total,Louisiana,2001,Female,99,2308063,4.29
Total,Louisiana,2001,Male,100,2169812,4.61
Total,Louisiana,2002,Female,80,2315524,3.45
Total,Louisiana,2002,Male,99,2181743,4.54
Total,Louisiana,2003,Female,100,2327153,4.3
Total,Louisiana,2003,Male,114,2193889,5.2
Total,Louisiana,2004,Female,76,2338753,3.25
Total,Louisiana,2004,Male,117,2213485,5.29
Total,Louisiana,2005,Female,92,2263201,4.07
Total,Louisiana,2005,Male,129,2148195,6.01
Total,Louisiana,2006,Female,86,2204072,3.9
Total,Louisiana,2006,Male,110,2098593,5.24
Total,Louisiana,2007,Female,83,2239125,3.71
Total,Louisiana,2007,Male,113,2136456,5.29
Total,Louisiana,2008,Female,85,2269630,3.75
Total,Louisiana,2008,Male,111,2165956,5.12
Total,Louisiana,2009,Female,96,2295199,4.18
Total,Louisiana,2009,Male,102,2196449,4.64
Total,Louisiana,2010,Female,95,2319749,4.1
Total,Louisiana,2010,Male,102,2225179,4.58
Total,Louisiana,2011,Female,80,2335417,3.43
Total,Louisiana,2011,Male,111,2241956,4.95
Total,Louisiana,2012,Female,101,2348128,4.3
Total,Louisiana,2012,Male,124,2255871,5.5
Total,Louisiana,2013,Female,90,2359037,3.82
Total,Louisiana,2013,Male,133,2269551,5.86
Total,Louisiana,2014,Female,100,2367996,4.22
Total,Louisiana,2014,Male,103,2281035,4.52
Total,Louisiana,2015,Female,110,2377687,4.63
Total,Louisiana,2015,Male,133,2292981,5.8
Total,Louisiana,2016,Female,87,2385408,3.65
Total,Louisiana,2016,Male,125,2300218,5.43
Total,Louisiana,2017,Female,133,2382875,5.58
Total,Louisiana,2017,Male,119,2295536,5.18
Total,Louisiana,2018,Female,101,2379054,4.25
Total,Louisiana,2018,Male,117,2290723,5.11
Total,Louisiana,2019,Female,83,2376181,3.49
Total,Louisiana,2019,Male,151,2288232,6.6
Total,Louisiana,2020,Female,106,2370222,4.47
Total,Louisiana,2020,Male,128,2281442,5.61
Total,Louisiana,2021,Female,102,2359235,4.32
Total,Louisiana,2021,Male,117,2267863,5.16
Total,Maine,1999,Female,40,650598,6.15
Total,Maine,1999,Male,37,616210,6
Total,Maine,2000,Female,35,655545,5.34
Total,Maine,2000,Male,36,621527,5.79
Total,Maine,2001,Female,31,659657,4.7
Total,Maine,2001,Male,38,626035,6.07
Total,Maine,2002,Female,32,664226,4.82
Total,Maine,2002,Male,45,631734,7.12
Total,Maine,2003,Female,35,668680,5.23
Total,Maine,2003,Male,33,637833,5.17
Total,Maine,2004,Female,30,671862,4.47
Total,Maine,2004,Male,49,641826,7.63
Total,Maine,2005,Female,31,674104,4.6
Total,Maine,2005,Male,49,644683,7.6
Total,Maine,2006,Female,31,676157,4.58
Total,Maine,2006,Male,46,647462,7.1
Total,Maine,2007,Female,41,677797,6.05
Total,Maine,2007,Male,28,649243,4.31
Total,Maine,2008,Female,38,679413,5.59
Total,Maine,2008,Male,47,651096,7.22
Total,Maine,2009,Female,29,678694,4.27
Total,Maine,2009,Male,63,650896,9.68
Total,Maine,2010,Female,38,678002,5.6
Total,Maine,2010,Male,47,650008,7.23
Total,Maine,2011,Female,31,678154,4.57
Total,Maine,2011,Male,50,651926,7.67
Total,Maine,2012,Female,31,678086,4.57
Total,Maine,2012,Male,51,652909,7.81
Total,Maine,2013,Female,34,677953,5.02
Total,Maine,2013,Male,46,654741,7.03
Total,Maine,2014,Female,42,679733,6.18
Total,Maine,2014,Male,64,656872,9.74
Total,Maine,2015,Female,37,678908,5.45
Total,Maine,2015,Male,53,656811,8.07
Total,Maine,2016,Female,30,680683,4.41
Total,Maine,2016,Male,63,659507,9.55
Total,Maine,2017,Female,44,682289,6.45
Total,Maine,2017,Male,52,662481,7.85
Total,Maine,2018,Female,43,684809,6.28
Total,Maine,2018,Male,69,665637,10.37
Total,Maine,2019,Female,43,687678,6.25
Total,Maine,2019,Male,54,669734,8.06
Total,Maine,2020,Female,38,690362,5.5
Total,Maine,2020,Male,71,673195,10.55
Total,Maine,2021,Female,43,697625,6.16
Total,Maine,2021,Male,52,679613,7.65
Total,Maryland,1999,Female,85,2716928,3.13
Total,Maryland,1999,Male,112,2537581,4.41
Total,Maryland,2000,Female,86,2746031,3.13
Total,Maryland,2000,Male,121,2565003,4.72
Total,Maryland,2001,Female,86,2779864,3.09
Total,Maryland,2001,Male,136,2594827,5.24
Total,Maryland,2002,Female,94,2815197,3.34
Total,Maryland,2002,Male,113,2625192,4.3
Total,Maryland,2003,Female,86,2843847,3.02
Total,Maryland,2003,Male,148,2652422,5.58
Total,Maryland,2004,Female,111,2870043,3.87
Total,Maryland,2004,Male,125,2676892,4.67
Total,Maryland,2005,Female,93,2891761,3.22
Total,Maryland,2005,Male,101,2700618,3.74
Total,Maryland,2006,Female,91,2907963,3.13
Total,Maryland,2006,Male,117,2719404,4.3
Total,Maryland,2007,Female,106,2920109,3.63
Total,Maryland,2007,Male,117,2733299,4.28
Total,Maryland,2008,Female,109,2935788,3.71
Total,Maryland,2008,Male,116,2749177,4.22
Total,Maryland,2009,Female,105,2960001,3.55
Total,Maryland,2009,Male,139,2770387,5.02
Total,Maryland,2010,Female,104,2989768,3.48
Total,Maryland,2010,Male,140,2801791,5
Total,Maryland,2011,Female,113,3018402,3.74
Total,Maryland,2011,Male,132,2836066,4.65
Total,Maryland,2012,Female,101,3044964,3.32
Total,Maryland,2012,Male,155,2869129,5.4
Total,Maryland,2013,Female,132,3067149,4.3
Total,Maryland,2013,Male,146,2895359,5.04
Total,Maryland,2014,Female,112,3089281,3.63
Total,Maryland,2014,Male,159,2919753,5.45
Total,Maryland,2015,Female,130,3107460,4.18
Total,Maryland,2015,Male,155,2941817,5.27
Total,Maryland,2016,Female,126,3120260,4.04
Total,Maryland,2016,Male,140,2959211,4.73
Total,Maryland,2017,Female,117,3135449,3.73
Total,Maryland,2017,Male,161,2976816,5.41
Total,Maryland,2018,Female,130,3147887,4.13
Total,Maryland,2018,Male,157,2990354,5.25
Total,Maryland,2019,Female,118,3159555,3.73
Total,Maryland,2019,Male,152,3003784,5.06
Total,Maryland,2020,Female,136,3163442,4.3
Total,Maryland,2020,Male,177,3009763,5.88
Total,Maryland,2021,Female,122,3165595,3.85
Total,Maryland,2021,Male,160,3009015,5.32
Total,Massachusetts,1999,Female,138,3274830,4.21
Total,Massachusetts,1999,Male,167,3042515,5.49
Total,Massachusetts,2000,Female,137,3296245,4.16
Total,Massachusetts,2000,Male,173,3064859,5.64
Total,Massachusetts,2001,Female,114,3312567,3.44
Total,Massachusetts,2001,Male,153,3085067,4.96
Total,Massachusetts,2002,Female,123,3319436,3.71
Total,Massachusetts,2002,Male,165,3097770,5.33
Total,Massachusetts,2003,Female,144,3320817,4.34
Total,Massachusetts,2003,Male,148,3101748,4.77
Total,Massachusetts,2004,Female,129,3314634,3.89
Total,Massachusetts,2004,Male,145,3097647,4.68
Total,Massachusetts,2005,Female,117,3309010,3.54
Total,Massachusetts,2005,Male,168,3094280,5.43
Total,Massachusetts,2006,Female,121,3311185,3.65
Total,Massachusetts,2006,Male,176,3098899,5.68
Total,Massachusetts,2007,Female,124,3321653,3.73
Total,Massachusetts,2007,Male,172,3109906,5.53
Total,Massachusetts,2008,Female,138,3340730,4.13
Total,Massachusetts,2008,Male,155,3128237,4.95
Total,Massachusetts,2009,Female,170,3365859,5.05
Total,Massachusetts,2009,Male,176,3151754,5.58
Total,Massachusetts,2010,Female,119,3391206,3.51
Total,Massachusetts,2010,Male,169,3178495,5.32
Total,Massachusetts,2011,Female,147,3417536,4.3
Total,Massachusetts,2011,Male,179,3212941,5.57
Total,Massachusetts,2012,Female,146,3443879,4.24
Total,Massachusetts,2012,Male,171,3249619,5.26
Total,Massachusetts,2013,Female,145,3473095,4.17
Total,Massachusetts,2013,Male,189,3284313,5.75
Total,Massachusetts,2014,Female,154,3500750,4.4
Total,Massachusetts,2014,Male,194,3319377,5.84
Total,Massachusetts,2015,Female,167,3520533,4.74
Total,Massachusetts,2015,Male,216,3345273,6.46
Total,Massachusetts,2016,Female,172,3538138,4.86
Total,Massachusetts,2016,Male,223,3370472,6.62
Total,Massachusetts,2017,Female,179,3559308,5.03
Total,Massachusetts,2017,Male,218,3398656,6.41
Total,Massachusetts,2018,Female,178,3574965,4.98
Total,Massachusetts,2018,Male,198,3418605,5.79
Total,Massachusetts,2019,Female,163,3582836,4.55
Total,Massachusetts,2019,Male,254,3433458,7.4
Total,Massachusetts,2020,Female,170,3568456,4.76
Total,Massachusetts,2020,Male,240,3427273,7
Total,Massachusetts,2021,Female,163,3566310,4.57
Total,Massachusetts,2021,Male,231,3423380,6.75
Total,Michigan,1999,Female,183,5047770,3.63
Total,Michigan,1999,Male,253,4849346,5.22
Total,Michigan,2000,Female,219,5072182,4.32
Total,Michigan,2000,Male,280,4880268,5.74
Total,Michigan,2001,Female,205,5089289,4.03
Total,Michigan,2001,Male,273,4901831,5.57
Total,Michigan,2002,Female,215,5100171,4.22
Total,Michigan,2002,Male,272,4915539,5.53
Total,Michigan,2003,Female,216,5110521,4.23
Total,Michigan,2003,Male,260,4930631,5.27
Total,Michigan,2004,Female,201,5117929,3.93
Total,Michigan,2004,Male,272,4937386,5.51
Total,Michigan,2005,Female,231,5114320,4.52
Total,Michigan,2005,Male,274,4936817,5.55
Total,Michigan,2006,Female,203,5106621,3.98
Total,Michigan,2006,Male,296,4929460,6
Total,Michigan,2007,Female,220,5091035,4.32
Total,Michigan,2007,Male,282,4910249,5.74
Total,Michigan,2008,Female,244,5065899,4.82
Total,Michigan,2008,Male,323,4880990,6.62
Total,Michigan,2009,Female,246,5044338,4.88
Total,Michigan,2009,Male,283,4857253,5.83
Total,Michigan,2010,Female,227,5032694,4.51
Total,Michigan,2010,Male,305,4847619,6.29
Total,Michigan,2011,Female,228,5035856,4.53
Total,Michigan,2011,Male,287,4860541,5.9
Total,Michigan,2012,Female,231,5041164,4.58
Total,Michigan,2012,Male,322,4880852,6.6
Total,Michigan,2013,Female,234,5048110,4.64
Total,Michigan,2013,Male,288,4900580,5.88
Total,Michigan,2014,Female,239,5054742,4.73
Total,Michigan,2014,Male,312,4921116,6.34
Total,Michigan,2015,Female,246,5053304,4.87
Total,Michigan,2015,Male,307,4934904,6.22
Total,Michigan,2016,Female,262,5060667,5.18
Total,Michigan,2016,Male,339,4956926,6.84
Total,Michigan,2017,Female,235,5070303,4.63
Total,Michigan,2017,Male,331,4979450,6.65
Total,Michigan,2018,Female,235,5075449,4.63
Total,Michigan,2018,Male,331,4994929,6.63
Total,Michigan,2019,Female,288,5074359,5.68
Total,Michigan,2019,Male,317,5003703,6.34
Total,Michigan,2020,Female,251,5067657,4.95
Total,Michigan,2020,Male,375,5001920,7.5
Total,Michigan,2021,Female,261,5051807,5.17
Total,Michigan,2021,Male,348,4985697,6.98
Total,Minnesota,1999,Female,104,2462931,4.22
Total,Minnesota,1999,Male,139,2410550,5.77
Total,Minnesota,2000,Female,101,2490622,4.06
Total,Minnesota,2000,Male,160,2443070,6.55
Total,Minnesota,2001,Female,99,2514149,3.94
Total,Minnesota,2001,Male,150,2468647,6.08
Total,Minnesota,2002,Female,108,2531205,4.27
Total,Minnesota,2002,Male,126,2487730,5.06
Total,Minnesota,2003,Female,105,2546999,4.12
Total,Minnesota,2003,Male,135,2506573,5.39
Total,Minnesota,2004,Female,98,2564037,3.82
Total,Minnesota,2004,Male,130,2523676,5.15
Total,Minnesota,2005,Female,90,2579546,3.49
Total,Minnesota,2005,Male,112,2540052,4.41
Total,Minnesota,2006,Female,84,2600951,3.23
Total,Minnesota,2006,Male,127,2562604,4.96
Total,Minnesota,2007,Female,120,2622551,4.58
Total,Minnesota,2007,Male,141,2584652,5.46
Total,Minnesota,2008,Female,121,2642672,4.58
Total,Minnesota,2008,Male,122,2604346,4.68
Total,Minnesota,2009,Female,106,2659958,3.99
Total,Minnesota,2009,Male,142,2621245,5.42
Total,Minnesota,2010,Female,114,2675387,4.26
Total,Minnesota,2010,Male,154,2636822,5.84
Total,Minnesota,2011,Female,112,2692595,4.16
Total,Minnesota,2011,Male,152,2660426,5.71
Total,Minnesota,2012,Female,103,2706995,3.8
Total,Minnesota,2012,Male,170,2681960,6.34
Total,Minnesota,2013,Female,101,2725276,3.71
Total,Minnesota,2013,Male,158,2705867,5.84
Total,Minnesota,2014,Female,116,2743392,4.23
Total,Minnesota,2014,Male,170,2730594,6.23
Total,Minnesota,2015,Female,134,2757409,4.86
Total,Minnesota,2015,Male,182,2752865,6.61
Total,Minnesota,2016,Female,125,2776949,4.5
Total,Minnesota,2016,Male,179,2779622,6.44
Total,Minnesota,2017,Female,124,2798230,4.43
Total,Minnesota,2017,Male,183,2807129,6.52
Total,Minnesota,2018,Female,135,2817282,4.79
Total,Minnesota,2018,Male,185,2832727,6.53
Total,Minnesota,2019,Female,126,2832945,4.45
Total,Minnesota,2019,Male,175,2853706,6.13
Total,Minnesota,2020,Female,125,2842176,4.4
Total,Minnesota,2020,Male,185,2867676,6.45
Total,Minnesota,2021,Female,123,2842966,4.33
Total,Minnesota,2021,Male,192,2868505,6.69
Total,Mississippi,1999,Female,72,1464581,4.92
Total,Mississippi,1999,Male,102,1363827,7.48
Total,Mississippi,2000,Female,69,1472553,4.69
Total,Mississippi,2000,Male,90,1375800,6.54
Total,Mississippi,2001,Female,58,1473486,3.94
Total,Mississippi,2001,Male,85,1379508,6.16
Total,Mississippi,2002,Female,81,1475412,5.49
Total,Mississippi,2002,Male,68,1383269,4.92
Total,Mississippi,2003,Female,59,1479611,3.99
Total,Mississippi,2003,Male,83,1388701,5.98
Total,Mississippi,2004,Female,65,1490115,4.36
Total,Mississippi,2004,Male,78,1398895,5.58
Total,Mississippi,2005,Female,75,1482601,5.06
Total,Mississippi,2005,Male,85,1393628,6.1
Total,Mississippi,2006,Female,60,1496313,4.01
Total,Mississippi,2006,Male,65,1408665,4.61
Total,Mississippi,2007,Female,58,1507071,3.85
Total,Mississippi,2007,Male,75,1421279,5.28
Total,Mississippi,2008,Female,68,1516955,4.48
Total,Mississippi,2008,Male,70,1430851,4.89
Total,Mississippi,2009,Female,70,1522000,4.6
Total,Mississippi,2009,Male,67,1436774,4.66
Total,Mississippi,2010,Female,72,1527091,4.71
Total,Mississippi,2010,Male,67,1443351,4.64
Total,Mississippi,2011,Female,66,1530037,4.31
Total,Mississippi,2011,Male,84,1447996,5.8
Total,Mississippi,2012,Female,77,1531597,5.03
Total,Mississippi,2012,Male,90,1450940,6.2
Total,Mississippi,2013,Female,83,1532638,5.42
Total,Mississippi,2013,Male,90,1454171,6.19
Total,Mississippi,2014,Female,91,1533332,5.93
Total,Mississippi,2014,Male,102,1454466,7.01
Total,Mississippi,2015,Female,86,1532685,5.61
Total,Mississippi,2015,Male,95,1452452,6.54
Total,Mississippi,2016,Female,77,1531886,5.03
Total,Mississippi,2016,Male,89,1452508,6.13
Total,Mississippi,2017,Female,72,1530044,4.71
Total,Mississippi,2017,Male,84,1453220,5.78
Total,Mississippi,2018,Female,79,1525078,5.18
Total,Mississippi,2018,Male,98,1449395,6.76
Total,Mississippi,2019,Female,104,1522353,6.83
Total,Mississippi,2019,Male,97,1446484,6.71
Total,Mississippi,2020,Female,80,1518132,5.27
Total,Mississippi,2020,Male,94,1440009,6.53
Total,Mississippi,2021,Female,79,1514606,5.22
Total,Mississippi,2021,Male,104,1434980,7.25
Total,Missouri,1999,Female,145,2860166,5.07
Total,Missouri,1999,Male,143,2701782,5.29
Total,Missouri,2000,Female,129,2879787,4.48
Total,Missouri,2000,Male,157,2727498,5.76
Total,Missouri,2001,Female,131,2895476,4.52
Total,Missouri,2001,Male,134,2745666,4.88
Total,Missouri,2002,Female,124,2910476,4.26
Total,Missouri,2002,Male,143,2764349,5.17
Total,Missouri,2003,Female,118,2926556,4.03
Total,Missouri,2003,Male,150,2782847,5.39
Total,Missouri,2004,Female,123,2942685,4.18
Total,Missouri,2004,Male,163,2805056,5.81
Total,Missouri,2005,Female,130,2962870,4.39
Total,Missouri,2005,Male,157,2827430,5.55
Total,Missouri,2006,Female,117,2987563,3.92
Total,Missouri,2006,Male,148,2855141,5.18
Total,Missouri,2007,Female,137,3007493,4.56
Total,Missouri,2007,Male,159,2880119,5.52
Total,Missouri,2008,Female,150,3024837,4.96
Total,Missouri,2008,Male,157,2899079,5.42
Total,Missouri,2009,Female,141,3042021,4.64
Total,Missouri,2009,Male,172,2919067,5.89
Total,Missouri,2010,Female,122,3058310,3.99
Total,Missouri,2010,Male,170,2937912,5.79
Total,Missouri,2011,Female,117,3062816,3.82
Total,Missouri,2011,Male,171,2948921,5.8
Total,Missouri,2012,Female,155,3067177,5.05
Total,Missouri,2012,Male,160,2959754,5.41
Total,Missouri,2013,Female,147,3071514,4.79
Total,Missouri,2013,Male,159,2972627,5.35
Total,Missouri,2014,Female,125,3076556,4.06
Total,Missouri,2014,Male,188,2983883,6.3
Total,Missouri,2015,Female,125,3081424,4.06
Total,Missouri,2015,Male,168,2995562,5.61
Total,Missouri,2016,Female,150,3086364,4.86
Total,Missouri,2016,Male,194,3006743,6.45
Total,Missouri,2017,Female,162,3093708,5.24
Total,Missouri,2017,Male,178,3019350,5.9
Total,Missouri,2018,Female,138,3099008,4.45
Total,Missouri,2018,Male,189,3029064,6.24
Total,Missouri,2019,Female,150,3105610,4.83
Total,Missouri,2019,Male,199,3037519,6.55
Total,Missouri,2020,Female,159,3110557,5.11
Total,Missouri,2020,Male,216,3043441,7.1
Total,Missouri,2021,Female,150,3118406,4.81
Total,Missouri,2021,Male,224,3051417,7.34
Total,Montana,1999,Female,25,450543,5.55
Total,Montana,1999,Male,23,446964,5.15
Total,Montana,2000,Female,25,453425,5.51
Total,Montana,2000,Male,28,450348,6.22
Total,Montana,2001,Female,16,454683,3.52
Total,Montana,2001,Male,24,452278,5.31
Total,Montana,2002,Female,24,456712,5.25
Total,Montana,2002,Male,22,454955,4.84
Total,Montana,2003,Female,25,460116,5.43
Total,Montana,2003,Male,30,459514,6.53
Total,Montana,2004,Female,19,465000,4.09
Total,Montana,2004,Male,28,465009,6.02
Total,Montana,2005,Female,24,469780,5.11
Total,Montana,2005,Male,30,470322,6.38
Total,Montana,2006,Female,18,475341,3.79
Total,Montana,2006,Male,31,477351,6.49
Total,Montana,2007,Female,24,480939,4.99
Total,Montana,2007,Male,31,483767,6.41
Total,Montana,2008,Female,20,486477,4.11
Total,Montana,2008,Male,31,489938,6.33
Total,Montana,2009,Male,24,493860,4.86
Total,Montana,2010,Female,26,493442,5.27
Total,Montana,2010,Male,30,497444,6.03
Total,Montana,2011,Female,34,496819,6.84
Total,Montana,2011,Male,33,501468,6.58
Total,Montana,2012,Female,25,499615,5
Total,Montana,2012,Male,33,505898,6.52
Total,Montana,2013,Female,26,503977,5.16
Total,Montana,2013,Male,27,512109,5.27
Total,Montana,2014,Female,28,507667,5.52
Total,Montana,2014,Male,32,517506,6.18
Total,Montana,2015,Female,22,511431,4.3
Total,Montana,2015,Male,50,523177,9.56
Total,Montana,2016,Female,29,516361,5.62
Total,Montana,2016,Male,34,529426,6.42
Total,Montana,2017,Female,29,522119,5.55
Total,Montana,2017,Male,35,535899,6.53
Total,Montana,2018,Female,25,525933,4.75
Total,Montana,2018,Male,41,540615,7.58
Total,Montana,2019,Female,34,529821,6.42
Total,Montana,2019,Male,33,545624,6.05
Total,Montana,2020,Female,32,535035,5.98
Total,Montana,2020,Male,39,552040,7.06
Total,Montana,2021,Female,31,544523,5.69
Total,Montana,2021,Male,46,561704,8.19
Total,Nebraska,1999,Female,45,865531,5.2
Total,Nebraska,1999,Male,51,839233,6.08
Total,Nebraska,2000,Female,46,868980,5.29
Total,Nebraska,2000,Male,55,844840,6.51
Total,Nebraska,2001,Female,44,871208,5.05
Total,Nebraska,2001,Male,42,848628,4.95
Total,Nebraska,2002,Female,41,874803,4.69
Total,Nebraska,2002,Male,48,853489,5.62
Total,Nebraska,2003,Female,40,879362,4.55
Total,Nebraska,2003,Male,42,859281,4.89
Total,Nebraska,2004,Female,46,883984,5.2
Total,Nebraska,2004,Male,50,865386,5.78
Total,Nebraska,2005,Female,44,889468,4.95
Total,Nebraska,2005,Male,46,872029,5.28
Total,Nebraska,2006,Female,32,894687,3.58
Total,Nebraska,2006,Male,48,878006,5.47
Total,Nebraska,2007,Female,46,900106,5.11
Total,Nebraska,2007,Male,58,883334,6.57
Total,Nebraska,2008,Female,55,905814,6.07
Total,Nebraska,2008,Male,49,890564,5.5
Total,Nebraska,2009,Female,42,913619,4.6
Total,Nebraska,2009,Male,55,899064,6.12
Total,Nebraska,2010,Female,43,921562,4.67
Total,Nebraska,2010,Male,45,908574,4.95
Total,Nebraska,2011,Female,47,927351,5.07
Total,Nebraska,2011,Male,69,916508,7.53
Total,Nebraska,2012,Female,41,933563,4.39
Total,Nebraska,2012,Male,56,925447,6.05
Total,Nebraska,2013,Female,52,939014,5.54
Total,Nebraska,2013,Male,58,934512,6.21
Total,Nebraska,2014,Female,45,945685,4.76
Total,Nebraska,2014,Male,59,944354,6.25
Total,Nebraska,2015,Female,51,951405,5.36
Total,Nebraska,2015,Male,58,953151,6.09
Total,Nebraska,2016,Female,40,958507,4.17
Total,Nebraska,2016,Male,67,962873,6.96
Total,Nebraska,2017,Female,45,963584,4.67
Total,Nebraska,2017,Male,65,970669,6.7
Total,Nebraska,2018,Female,41,968178,4.23
Total,Nebraska,2018,Male,70,977071,7.16
Total,Nebraska,2019,Female,60,971697,6.17
Total,Nebraska,2019,Male,57,983174,5.8
Total,Nebraska,2020,Female,57,974653,5.85
Total,Nebraska,2020,Male,68,987989,6.88
Total,Nebraska,2021,Female,59,974714,6.05
Total,Nebraska,2021,Male,62,988840,6.27
Total,Nevada,1999,Female,40,949422,4.21
Total,Nevada,1999,Male,41,985296,4.16
Total,Nevada,2000,Female,31,990315,3.13
Total,Nevada,2000,Male,54,1028426,5.25
Total,Nevada,2001,Female,24,1030850,2.33
Total,Nevada,2001,Male,47,1067549,4.4
Total,Nevada,2002,Female,36,1069764,3.37
Total,Nevada,2002,Male,43,1104027,3.89
Total,Nevada,2003,Female,44,1108135,3.97
Total,Nevada,2003,Male,54,1140715,4.73
Total,Nevada,2004,Female,44,1156586,3.8
Total,Nevada,2004,Male,50,1189636,4.2
Total,Nevada,2005,Female,48,1198846,4
Total,Nevada,2005,Male,51,1233297,4.14
Total,Nevada,2006,Female,41,1243993,3.3
Total,Nevada,2006,Male,69,1278665,5.4
Total,Nevada,2007,Female,35,1284052,2.73
Total,Nevada,2007,Male,65,1317020,4.94
Total,Nevada,2008,Female,38,1310601,2.9
Total,Nevada,2008,Male,74,1343029,5.51
Total,Nevada,2009,Female,37,1327618,2.79
Total,Nevada,2009,Male,59,1357047,4.35
Total,Nevada,2010,Female,36,1337857,2.69
Total,Nevada,2010,Male,74,1364251,5.42
Total,Nevada,2011,Female,52,1342663,3.87
Total,Nevada,2011,Male,71,1368257,5.19
Total,Nevada,2012,Female,50,1356928,3.68
Total,Nevada,2012,Male,78,1383579,5.64
Total,Nevada,2013,Female,55,1372045,4.01
Total,Nevada,2013,Male,58,1398578,4.15
Total,Nevada,2014,Female,53,1391879,3.81
Total,Nevada,2014,Male,88,1418417,6.2
Total,Nevada,2015,Female,64,1415530,4.52
Total,Nevada,2015,Male,80,1441923,5.55
Total,Nevada,2016,Female,80,1439208,5.56
Total,Nevada,2016,Male,84,1466673,5.73
Total,Nevada,2017,Female,78,1463548,5.33
Total,Nevada,2017,Male,95,1492113,6.37
Total,Nevada,2018,Female,63,1490383,4.23
Total,Nevada,2018,Male,87,1521261,5.72
Total,Nevada,2019,Female,50,1518306,3.29
Total,Nevada,2019,Male,78,1550706,5.03
Total,Nevada,2020,Female,79,1540963,5.13
Total,Nevada,2020,Male,90,1574685,5.72
Total,Nevada,2021,Female,62,1557182,3.98
Total,Nevada,2021,Male,75,1589220,4.72
Total,New Hampshire,1999,Female,29,621409,4.67
Total,New Hampshire,1999,Male,33,600605,5.49
Total,New Hampshire,2000,Female,28,630111,4.44
Total,New Hampshire,2000,Male,29,609771,4.76
Total,New Hampshire,2001,Female,18,637412,2.82
Total,New Hampshire,2001,Male,45,618105,7.28
Total,New Hampshire,2002,Female,27,643680,4.19
Total,New Hampshire,2002,Male,44,625409,7.04
Total,New Hampshire,2003,Female,23,648513,3.55
Total,New Hampshire,2003,Male,30,631327,4.75
Total,New Hampshire,2004,Female,30,653845,4.59
Total,New Hampshire,2004,Male,42,636276,6.6
Total,New Hampshire,2005,Female,28,657932,4.26
Total,New Hampshire,2005,Male,38,640560,5.93
Total,New Hampshire,2006,Female,32,662773,4.83
Total,New Hampshire,2006,Male,39,645616,6.04
Total,New Hampshire,2007,Female,18,664987,2.71
Total,New Hampshire,2007,Male,44,647553,6.79
Total,New Hampshire,2008,Female,28,666576,4.2
Total,New Hampshire,2008,Male,41,649330,6.31
Total,New Hampshire,2009,Female,30,666875,4.5
Total,New Hampshire,2009,Male,40,649227,6.16
Total,New Hampshire,2010,Female,31,667274,4.65
Total,New Hampshire,2010,Male,48,649860,7.39
Total,New Hampshire,2011,Female,35,669000,5.23
Total,New Hampshire,2011,Male,39,652998,5.97
Total,New Hampshire,2012,Female,22,671028,3.28
Total,New Hampshire,2012,Male,51,656429,7.77
Total,New Hampshire,2013,Female,28,671966,4.17
Total,New Hampshire,2013,Male,39,659285,5.92
Total,New Hampshire,2014,Female,40,674768,5.93
Total,New Hampshire,2014,Male,49,664642,7.37
Total,New Hampshire,2015,Female,32,675675,4.74
Total,New Hampshire,2015,Male,43,668124,6.44
Total,New Hampshire,2016,Female,39,678542,5.75
Total,New Hampshire,2016,Male,54,672628,8.03
Total,New Hampshire,2017,Female,33,681886,4.84
Total,New Hampshire,2017,Male,44,677103,6.5
Total,New Hampshire,2018,Female,35,683725,5.12
Total,New Hampshire,2018,Male,47,681119,6.9
Total,New Hampshire,2019,Female,42,687116,6.11
Total,New Hampshire,2019,Male,52,684680,7.59
Total,New Hampshire,2020,Female,46,689836,6.67
Total,New Hampshire,2020,Male,65,688751,9.44
Total,New Hampshire,2021,Female,33,693679,4.76
Total,New Hampshire,2021,Male,55,693826,7.93
Total,New Jersey,1999,Female,181,4304271,4.21
Total,New Jersey,1999,Male,168,4055321,4.14
Total,New Jersey,2000,Female,150,4340112,3.46
Total,New Jersey,2000,Male,189,4090509,4.62
Total,New Jersey,2001,Female,144,4369932,3.3
Total,New Jersey,2001,Male,182,4122739,4.41
Total,New Jersey,2002,Female,145,4398801,3.3
Total,New Jersey,2002,Male,178,4153842,4.29
Total,New Jersey,2003,Female,129,4421964,2.92
Total,New Jersey,2003,Male,184,4179438,4.4
Total,New Jersey,2004,Female,167,4436964,3.76
Total,New Jersey,2004,Male,189,4197597,4.5
Total,New Jersey,2005,Female,156,4443545,3.51
Total,New Jersey,2005,Male,193,4208429,4.59
Total,New Jersey,2006,Female,148,4448099,3.33
Total,New Jersey,2006,Male,177,4213580,4.2
Total,New Jersey,2007,Female,158,4455148,3.55
Total,New Jersey,2007,Male,205,4222737,4.85
Total,New Jersey,2008,Female,133,4469901,2.98
Total,New Jersey,2008,Male,197,4241189,4.64
Total,New Jersey,2009,Female,155,4493506,3.45
Total,New Jersey,2009,Male,198,4262096,4.65
Total,New Jersey,2010,Female,161,4519718,3.56
Total,New Jersey,2010,Male,203,4289410,4.73
Total,New Jersey,2011,Female,179,4548103,3.94
Total,New Jersey,2011,Male,200,4329276,4.62
Total,New Jersey,2012,Female,163,4571544,3.57
Total,New Jersey,2012,Male,232,4362334,5.32
Total,New Jersey,2013,Female,157,4591767,3.42
Total,New Jersey,2013,Male,207,4393632,4.71
Total,New Jersey,2014,Female,192,4611073,4.16
Total,New Jersey,2014,Male,257,4423168,5.81
Total,New Jersey,2015,Female,187,4628790,4.04
Total,New Jersey,2015,Male,233,4448063,5.24
Total,New Jersey,2016,Female,221,4644574,4.76
Total,New Jersey,2016,Male,243,4475315,5.43
Total,New Jersey,2017,Female,200,4667011,4.29
Total,New Jersey,2017,Male,260,4507424,5.77
Total,New Jersey,2018,Female,204,4683751,4.36
Total,New Jersey,2018,Male,250,4534608,5.51
Total,New Jersey,2019,Female,213,4698729,4.53
Total,New Jersey,2019,Male,268,4559792,5.88
Total,New Jersey,2020,Female,210,4701107,4.47
Total,New Jersey,2020,Male,241,4570582,5.27
Total,New Jersey,2021,Female,199,4699514,4.23
Total,New Jersey,2021,Male,250,4568447,5.47
Total,New Mexico,1999,Female,35,918661,3.81
Total,New Mexico,1999,Male,33,889421,3.71
Total,New Mexico,2000,Female,25,925624,2.7
Total,New Mexico,2000,Male,32,895580,3.57
Total,New Mexico,2001,Female,28,930387,3.01
Total,New Mexico,2001,Male,43,901303,4.77
Total,New Mexico,2002,Female,22,941856,2.34
Total,New Mexico,2002,Male,40,913453,4.38
Total,New Mexico,2003,Female,31,952303,3.26
Total,New Mexico,2003,Male,42,925271,4.54
Total,New Mexico,2004,Female,34,964738,3.52
Total,New Mexico,2004,Male,44,939070,4.69
Total,New Mexico,2005,Female,26,978520,2.66
Total,New Mexico,2005,Male,44,953754,4.61
Total,New Mexico,2006,Female,39,993969,3.92
Total,New Mexico,2006,Male,36,968168,3.72
Total,New Mexico,2007,Female,24,1007922,2.38
Total,New Mexico,2007,Male,41,982148,4.17
Total,New Mexico,2008,Female,38,1018578,3.73
Total,New Mexico,2008,Male,56,992084,5.64
Total,New Mexico,2009,Female,32,1031238,3.1
Total,New Mexico,2009,Male,39,1005564,3.88
Total,New Mexico,2010,Female,37,1044290,3.54
Total,New Mexico,2010,Male,49,1020670,4.8
Total,New Mexico,2011,Female,40,1052298,3.8
Total,New Mexico,2011,Male,48,1030028,4.66
Total,New Mexico,2012,Female,36,1054531,3.41
Total,New Mexico,2012,Male,44,1035920,4.25
Total,New Mexico,2013,Female,37,1056366,3.5
Total,New Mexico,2013,Male,40,1040349,3.84
Total,New Mexico,2014,Female,35,1054567,3.32
Total,New Mexico,2014,Male,54,1040674,5.19
Total,New Mexico,2015,Female,42,1054606,3.98
Total,New Mexico,2015,Male,57,1041620,5.47
Total,New Mexico,2016,Female,47,1055582,4.45
Total,New Mexico,2016,Male,42,1044156,4.02
Total,New Mexico,2017,Female,48,1055583,4.55
Total,New Mexico,2017,Male,65,1045370,6.22
Total,New Mexico,2018,Female,45,1056064,4.26
Total,New Mexico,2018,Male,47,1046937,4.49
Total,New Mexico,2019,Female,47,1059143,4.44
Total,New Mexico,2019,Male,70,1050942,6.66
Total,New Mexico,2020,Female,42,1062443,3.95
Total,New Mexico,2020,Male,62,1055947,5.87
Total,New Mexico,2021,Female,50,1061738,4.71
Total,New Mexico,2021,Male,58,1054939,5.5
Total,New York,1999,Female,346,9777654,3.54
Total,New York,1999,Male,415,9105071,4.56
Total,New York,2000,Female,345,9842061,3.51
Total,New York,2000,Male,367,9159719,4.01
Total,New York,2001,Female,337,9878713,3.41
Total,New York,2001,Male,372,9204125,4.04
Total,New York,2002,Female,344,9902927,3.47
Total,New York,2002,Male,417,9234873,4.52
Total,New York,2003,Female,304,9917810,3.07
Total,New York,2003,Male,403,9258129,4.35
Total,New York,2004,Female,343,9913527,3.46
Total,New York,2004,Male,406,9258040,4.39
Total,New York,2005,Female,347,9887467,3.51
Total,New York,2005,Male,438,9245143,4.74
Total,New York,2006,Female,304,9871401,3.08
Total,New York,2006,Male,449,9233230,4.86
Total,New York,2007,Female,329,9881510,3.33
Total,New York,2007,Male,436,9250825,4.71
Total,New York,2008,Female,318,9918841,3.21
Total,New York,2008,Male,421,9293595,4.53
Total,New York,2009,Female,370,9966620,3.71
Total,New York,2009,Male,449,9340446,4.81
Total,New York,2010,Female,378,10019051,3.77
Total,New York,2010,Male,430,9400812,4.57
Total,New York,2011,Female,362,10099398,3.58
Total,New York,2011,Male,421,9501767,4.43
Total,New York,2012,Female,403,10165827,3.96
Total,New York,2012,Male,460,9592200,4.8
Total,New York,2013,Female,387,10223005,3.79
Total,New York,2013,Male,453,9669996,4.68
Total,New York,2014,Female,394,10269627,3.84
Total,New York,2014,Male,500,9733293,5.14
Total,New York,2015,Female,428,10303136,4.15
Total,New York,2015,Male,434,9787010,4.43
Total,New York,2016,Female,403,10321565,3.9
Total,New York,2016,Male,523,9830441,5.32
Total,New York,2017,Female,395,10331213,3.82
Total,New York,2017,Male,527,9859208,5.35
Total,New York,2018,Female,419,10337937,4.05
Total,New York,2018,Male,527,9884121,5.33
Total,New York,2019,Female,395,10330174,3.82
Total,New York,2019,Male,498,9891468,5.03
Total,New York,2020,Female,398,10264694,3.88
Total,New York,2020,Male,527,9843602,5.35
Total,New York,2021,Female,408,10137921,4.02
Total,New York,2021,Male,523,9719571,5.38
Total,North Carolina,1999,Female,174,4062710,4.28
Total,North Carolina,1999,Male,198,3886651,5.09
Total,North Carolina,2000,Female,174,4119034,4.22
Total,North Carolina,2000,Male,204,3962580,5.15
Total,North Carolina,2001,Female,165,4187317,3.94
Total,North Carolina,2001,Male,181,4022805,4.5
Total,North Carolina,2002,Female,173,4250179,4.07
Total,North Carolina,2002,Male,208,4076022,5.1
Total,North Carolina,2003,Female,175,4313901,4.06
Total,North Carolina,2003,Male,217,4108600,5.28
Total,North Carolina,2004,Female,157,4376070,3.59
Total,North Carolina,2004,Male,213,4177082,5.1
Total,North Carolina,2005,Female,162,4457189,3.63
Total,North Carolina,2005,Male,198,4248218,4.66
Total,North Carolina,2006,Female,174,4563152,3.81
Total,North Carolina,2006,Male,177,4354118,4.07
Total,North Carolina,2007,Female,175,4677313,3.74
Total,North Carolina,2007,Male,210,4440724,4.73
Total,North Carolina,2008,Female,159,4771376,3.33
Total,North Carolina,2008,Male,246,4538073,5.42
Total,North Carolina,2009,Female,179,4846501,3.69
Total,North Carolina,2009,Male,213,4603065,4.63
Total,North Carolina,2010,Female,195,4901652,3.98
Total,North Carolina,2010,Male,250,4669625,5.35
Total,North Carolina,2011,Female,197,4938009,3.99
Total,North Carolina,2011,Male,264,4704049,5.61
Total,North Carolina,2012,Female,221,4975627,4.44
Total,North Carolina,2012,Male,273,4745469,5.75
Total,North Carolina,2013,Female,228,5013715,4.55
Total,North Carolina,2013,Male,281,4788249,5.87
Total,North Carolina,2014,Female,234,5050713,4.63
Total,North Carolina,2014,Male,251,4827489,5.2
Total,North Carolina,2015,Female,204,5089261,4.01
Total,North Carolina,2015,Male,283,4874614,5.81
Total,North Carolina,2016,Female,210,5142122,4.08
Total,North Carolina,2016,Male,274,4931669,5.56
Total,North Carolina,2017,Female,257,5189613,4.95
Total,North Carolina,2017,Male,260,4983140,5.22
Total,North Carolina,2018,Female,205,5238658,3.91
Total,North Carolina,2018,Male,305,5035061,6.06
Total,North Carolina,2019,Female,211,5284369,3.99
Total,North Carolina,2019,Male,293,5085305,5.76
Total,North Carolina,2020,Female,233,5323656,4.38
Total,North Carolina,2020,Male,283,5125789,5.52
Total,North Carolina,2021,Female,256,5387543,4.75
Total,North Carolina,2021,Male,303,5178342,5.85
Total,North Dakota,1999,Female,20,322617,6.2
Total,North Dakota,1999,Male,19,321642,5.91
Total,North Dakota,2001,Female,18,319787,5.63
Total,North Dakota,2001,Male,23,319275,7.2
Total,North Dakota,2002,Female,21,319017,6.58
Total,North Dakota,2002,Male,17,319151,5.33
Total,North Dakota,2004,Male,17,323697,5.25
Total,North Dakota,2005,Female,18,321543,5.6
Total,North Dakota,2005,Male,17,324546,5.24
Total,North Dakota,2006,Female,21,322583,6.51
Total,North Dakota,2006,Male,23,326839,7.04
Total,North Dakota,2007,Male,20,328756,6.08
Total,North Dakota,2009,Female,20,329674,6.07
Total,North Dakota,2009,Male,16,335294,4.77
Total,North Dakota,2012,Male,17,359143,4.73
Total,North Dakota,2013,Male,33,372231,8.87
Total,North Dakota,2014,Female,18,361928,4.97
Total,North Dakota,2014,Male,22,382443,5.75
Total,North Dakota,2015,Female,17,369697,4.6
Total,North Dakota,2015,Male,19,392989,4.83
Total,North Dakota,2016,Male,18,393871,4.57
Total,North Dakota,2017,Female,16,372148,4.3
Total,North Dakota,2017,Male,20,394362,5.07
Total,North Dakota,2018,Female,17,374556,4.54
Total,North Dakota,2018,Male,22,396737,5.55
Total,North Dakota,2019,Male,25,399699,6.25
Total,North Dakota,2020,Female,19,378122,5.02
Total,North Dakota,2020,Male,17,401396,4.24
Total,North Dakota,2021,Female,20,377879,5.29
Total,North Dakota,2021,Male,21,400055,5.25
Total,Ohio,1999,Female,251,5835017,4.3
Total,Ohio,1999,Male,304,5500437,5.53
Total,Ohio,2000,Female,227,5845425,3.88
Total,Ohio,2000,Male,291,5518118,5.27
Total,Ohio,2001,Female,237,5853691,4.05
Total,Ohio,2001,Male,293,5533713,5.29
Total,Ohio,2002,Female,236,5859385,4.03
Total,Ohio,2002,Male,306,5548504,5.52
Total,Ohio,2003,Female,250,5868535,4.26
Total,Ohio,2003,Male,294,5566253,5.28
Total,Ohio,2004,Female,257,5874411,4.37
Total,Ohio,2004,Male,294,5577840,5.27
Total,Ohio,2005,Female,240,5876703,4.08
Total,Ohio,2005,Male,289,5586617,5.17
Total,Ohio,2006,Female,242,5883067,4.11
Total,Ohio,2006,Male,313,5598146,5.59
Total,Ohio,2007,Female,241,5890965,4.09
Total,Ohio,2007,Male,291,5609503,5.19
Total,Ohio,2008,Female,273,5896594,4.63
Total,Ohio,2008,Male,325,5618797,5.78
Total,Ohio,2009,Female,271,5902018,4.59
Total,Ohio,2009,Male,309,5626878,5.49
Total,Ohio,2010,Female,262,5905473,4.44
Total,Ohio,2010,Male,337,5636655,5.98
Total,Ohio,2011,Female,262,5906910,4.44
Total,Ohio,2011,Male,288,5652098,5.1
Total,Ohio,2012,Female,244,5905557,4.13
Total,Ohio,2012,Male,362,5668963,6.39
Total,Ohio,2013,Female,263,5916447,4.45
Total,Ohio,2013,Male,355,5696852,6.23
Total,Ohio,2014,Female,265,5927891,4.47
Total,Ohio,2014,Male,365,5722035,6.38
Total,Ohio,2015,Female,270,5933635,4.55
Total,Ohio,2015,Male,368,5741772,6.41
Total,Ohio,2016,Female,303,5940202,5.1
Total,Ohio,2016,Male,381,5762460,6.61
Total,Ohio,2017,Female,324,5951752,5.44
Total,Ohio,2017,Male,369,5785689,6.38
Total,Ohio,2018,Female,278,5959293,4.66
Total,Ohio,2018,Male,381,5803160,6.57
Total,Ohio,2019,Female,295,5966278,4.94
Total,Ohio,2019,Male,379,5821946,6.51
Total,Ohio,2020,Female,273,5967124,4.58
Total,Ohio,2020,Male,394,5830393,6.76
Total,Ohio,2021,Female,305,5950249,5.13
Total,Ohio,2021,Male,348,5814093,5.99
Total,Oklahoma,1999,Female,77,1748783,4.4
Total,Oklahoma,1999,Male,89,1688364,5.27
Total,Oklahoma,2000,Female,82,1756493,4.67
Total,Oklahoma,2000,Male,102,1697872,6.01
Total,Oklahoma,2001,Female,69,1760052,3.92
Total,Oklahoma,2001,Male,95,1707048,5.57
Total,Oklahoma,2002,Female,83,1769080,4.69
Total,Oklahoma,2002,Male,103,1720000,5.99
Total,Oklahoma,2003,Female,82,1777723,4.61
Total,Oklahoma,2003,Male,108,1727169,6.25
Total,Oklahoma,2004,Female,68,1784671,3.81
Total,Oklahoma,2004,Male,100,1740562,5.75
Total,Oklahoma,2005,Female,82,1796475,4.56
Total,Oklahoma,2005,Male,101,1752122,5.76
Total,Oklahoma,2006,Female,72,1818693,3.96
Total,Oklahoma,2006,Male,92,1775397,5.18
Total,Oklahoma,2007,Female,82,1837175,4.46
Total,Oklahoma,2007,Male,91,1797174,5.06
Total,Oklahoma,2008,Female,96,1854771,5.18
Total,Oklahoma,2008,Male,112,1814205,6.17
Total,Oklahoma,2009,Female,74,1878034,3.94
Total,Oklahoma,2009,Male,95,1839538,5.16
Total,Oklahoma,2010,Female,86,1899023,4.53
Total,Oklahoma,2010,Male,108,1860503,5.8
Total,Oklahoma,2011,Female,103,1911081,5.39
Total,Oklahoma,2011,Male,114,1875388,6.08
Total,Oklahoma,2012,Female,77,1922539,4.01
Total,Oklahoma,2012,Male,101,1892521,5.34
Total,Oklahoma,2013,Female,74,1936576,3.82
Total,Oklahoma,2013,Male,110,1911188,5.76
Total,Oklahoma,2014,Female,87,1946388,4.47
Total,Oklahoma,2014,Male,118,1924687,6.13
Total,Oklahoma,2015,Female,94,1959452,4.8
Total,Oklahoma,2015,Male,128,1941087,6.59
Total,Oklahoma,2016,Female,114,1966014,5.8
Total,Oklahoma,2016,Male,114,1950213,5.85
Total,Oklahoma,2017,Female,98,1966193,4.98
Total,Oklahoma,2017,Male,117,1953448,5.99
Total,Oklahoma,2018,Female,106,1968953,5.38
Total,Oklahoma,2018,Male,131,1958807,6.69
Total,Oklahoma,2019,Female,102,1975545,5.16
Total,Oklahoma,2019,Male,118,1967871,6
Total,Oklahoma,2020,Female,111,1985356,5.59
Total,Oklahoma,2020,Male,117,1979556,5.91
Total,Oklahoma,2021,Female,100,1999388,5
Total,Oklahoma,2021,Male,157,1991837,7.88
Total,Oregon,1999,Female,60,1712226,3.5
Total,Oregon,1999,Male,95,1681715,5.65
Total,Oregon,2000,Female,73,1728647,4.22
Total,Oregon,2000,Male,98,1701061,5.76
Total,Oregon,2001,Female,76,1747889,4.35
Total,Oregon,2001,Male,98,1720048,5.7
Total,Oregon,2002,Female,102,1771126,5.76
Total,Oregon,2002,Male,121,1742298,6.94
Total,Oregon,2003,Female,84,1788805,4.7
Total,Oregon,2003,Male,115,1758571,6.54
Total,Oregon,2004,Female,89,1800377,4.94
Total,Oregon,2004,Male,116,1769086,6.56
Total,Oregon,2005,Female,93,1823447,5.1
Total,Oregon,2005,Male,142,1789755,7.93
Total,Oregon,2006,Female,82,1853117,4.42
Total,Oregon,2006,Male,97,1817766,5.34
Total,Oregon,2007,Female,89,1879347,4.74
Total,Oregon,2007,Male,121,1843070,6.57
Total,Oregon,2008,Female,91,1903535,4.78
Total,Oregon,2008,Male,111,1865213,5.95
Total,Oregon,2009,Female,77,1923209,4
Total,Oregon,2009,Male,153,1885391,8.12
Total,Oregon,2010,Female,86,1938176,4.44
Total,Oregon,2010,Male,113,1899565,5.95
Total,Oregon,2011,Female,88,1954894,4.5
Total,Oregon,2011,Male,132,1918207,6.88
Total,Oregon,2012,Female,98,1966615,4.98
Total,Oregon,2012,Male,132,1934111,6.82
Total,Oregon,2013,Female,117,1977017,5.92
Total,Oregon,2013,Male,134,1947783,6.88
Total,Oregon,2014,Female,99,1995721,4.96
Total,Oregon,2014,Male,158,1970366,8.02
Total,Oregon,2015,Female,109,2019842,5.4
Total,Oregon,2015,Male,140,1999278,7
Total,Oregon,2016,Female,89,2054775,4.33
Total,Oregon,2016,Male,122,2038878,5.98
Total,Oregon,2017,Female,106,2079085,5.1
Total,Oregon,2017,Male,140,2068247,6.77
Total,Oregon,2018,Female,96,2095076,4.58
Total,Oregon,2018,Male,163,2088344,7.81
Total,Oregon,2019,Female,95,2109879,4.5
Total,Oregon,2019,Male,142,2106105,6.74
Total,Oregon,2020,Female,118,2123173,5.56
Total,Oregon,2020,Male,140,2121622,6.6
Total,Oregon,2021,Female,129,2129384,6.06
Total,Oregon,2021,Male,152,2126917,7.15
Total,Pennsylvania,1999,Female,283,6347064,4.46
Total,Pennsylvania,1999,Male,336,5916741,5.68
Total,Pennsylvania,2000,Female,266,6351999,4.19
Total,Pennsylvania,2000,Male,308,5932174,5.19
Total,Pennsylvania,2001,Female,295,6354395,4.64
Total,Pennsylvania,2001,Male,319,5944575,5.37
Total,Pennsylvania,2002,Female,264,6363832,4.15
Total,Pennsylvania,2002,Male,301,5967199,5.04
Total,Pennsylvania,2003,Female,278,6377894,4.36
Total,Pennsylvania,2003,Male,318,5996764,5.3
Total,Pennsylvania,2004,Female,268,6390749,4.19
Total,Pennsylvania,2004,Male,338,6019973,5.61
Total,Pennsylvania,2005,Female,257,6405053,4.01
Total,Pennsylvania,2005,Male,320,6044937,5.29
Total,Pennsylvania,2006,Female,286,6429312,4.45
Total,Pennsylvania,2006,Male,291,6081497,4.79
Total,Pennsylvania,2007,Female,266,6452087,4.12
Total,Pennsylvania,2007,Male,335,6111850,5.48
Total,Pennsylvania,2008,Female,263,6473295,4.06
Total,Pennsylvania,2008,Male,322,6138990,5.25
Total,Pennsylvania,2009,Female,313,6497024,4.82
Total,Pennsylvania,2009,Male,355,6169834,5.75
Total,Pennsylvania,2010,Female,287,6516856,4.4
Total,Pennsylvania,2010,Male,368,6199870,5.94
Total,Pennsylvania,2011,Female,274,6536497,4.19
Total,Pennsylvania,2011,Male,351,6237180,5.63
Total,Pennsylvania,2012,Female,293,6547211,4.48
Total,Pennsylvania,2012,Male,357,6269630,5.69
Total,Pennsylvania,2013,Female,325,6552518,4.96
Total,Pennsylvania,2013,Male,368,6295578,5.85
Total,Pennsylvania,2014,Female,301,6562320,4.59
Total,Pennsylvania,2014,Male,376,6319206,5.95
Total,Pennsylvania,2015,Female,307,6562415,4.68
Total,Pennsylvania,2015,Male,417,6337068,6.58
Total,Pennsylvania,2016,Female,324,6564175,4.94
Total,Pennsylvania,2016,Male,446,6354299,7.02
Total,Pennsylvania,2017,Female,316,6571270,4.81
Total,Pennsylvania,2017,Male,416,6373442,6.53
Total,Pennsylvania,2018,Female,317,6581265,4.82
Total,Pennsylvania,2018,Male,461,6398790,7.2
Total,Pennsylvania,2019,Female,306,6581392,4.65
Total,Pennsylvania,2019,Male,430,6409556,6.71
Total,Pennsylvania,2020,Female,345,6577242,5.25
Total,Pennsylvania,2020,Male,417,6417198,6.5
Total,Pennsylvania,2021,Female,351,6587279,5.33
Total,Pennsylvania,2021,Male,456,6424780,7.1
Total,Rhode Island,1999,Female,38,540724,7.03
Total,Rhode Island,1999,Male,27,499678,5.4
Total,Rhode Island,2000,Female,31,545774,5.68
Total,Rhode Island,2000,Male,35,504494,6.94
Total,Rhode Island,2001,Male,31,508168,6.1
Total,Rhode Island,2002,Female,26,553090,4.7
Total,Rhode Island,2002,Male,32,512905,6.24
Total,Rhode Island,2003,Female,29,555590,5.22
Total,Rhode Island,2003,Male,31,515752,6.01
Total,Rhode Island,2004,Female,22,556375,3.95
Total,Rhode Island,2004,Male,36,518204,6.95
Total,Rhode Island,2005,Female,29,552832,5.25
Total,Rhode Island,2005,Male,36,515084,6.99
Total,Rhode Island,2006,Female,25,550134,4.54
Total,Rhode Island,2006,Male,25,512962,4.87
Total,Rhode Island,2007,Female,19,546859,3.47
Total,Rhode Island,2007,Male,20,510456,3.92
Total,Rhode Island,2008,Female,22,545412,4.03
Total,Rhode Island,2008,Male,28,509591,5.49
Total,Rhode Island,2009,Female,18,544764,3.3
Total,Rhode Island,2009,Male,30,508882,5.9
Total,Rhode Island,2010,Female,25,545089,4.59
Total,Rhode Island,2010,Male,29,509836,5.69
Total,Rhode Island,2011,Female,17,546084,3.11
Total,Rhode Island,2011,Male,21,512681,4.1
Total,Rhode Island,2012,Female,28,547752,5.11
Total,Rhode Island,2012,Male,35,516026,6.78
Total,Rhode Island,2013,Female,22,549259,4.01
Total,Rhode Island,2013,Male,24,519101,4.62
Total,Rhode Island,2014,Female,24,550777,4.36
Total,Rhode Island,2014,Male,42,522466,8.04
Total,Rhode Island,2015,Female,27,551905,4.89
Total,Rhode Island,2015,Male,31,525644,5.9
Total,Rhode Island,2016,Female,28,553481,5.06
Total,Rhode Island,2016,Male,36,528926,6.81
Total,Rhode Island,2017,Female,38,554212,6.86
Total,Rhode Island,2017,Male,34,530761,6.41
Total,Rhode Island,2018,Female,21,556811,3.77
Total,Rhode Island,2018,Male,37,534963,6.92
Total,Rhode Island,2019,Female,32,557665,5.74
Total,Rhode Island,2019,Male,43,536892,8.01
Total,Rhode Island,2020,Female,25,558010,4.48
Total,Rhode Island,2020,Male,38,538335,7.06
Total,Rhode Island,2021,Female,31,558287,5.55
Total,Rhode Island,2021,Male,31,538698,5.75
Total,South Carolina,1999,Female,89,2045606,4.35
Total,South Carolina,1999,Male,128,1929076,6.64
Total,South Carolina,2000,Female,96,2068627,4.64
Total,South Carolina,2000,Male,103,1955596,5.27
Total,South Carolina,2001,Female,76,2089963,3.64
Total,South Carolina,2001,Male,84,1975032,4.25
Total,South Carolina,2002,Female,92,2111069,4.36
Total,South Carolina,2002,Male,106,1996726,5.31
Total,South Carolina,2003,Female,90,2133967,4.22
Total,South Carolina,2003,Male,101,2016330,5.01
Total,South Carolina,2004,Female,101,2162305,4.67
Total,South Carolina,2004,Male,97,2048616,4.73
Total,South Carolina,2005,Female,92,2192345,4.2
Total,South Carolina,2005,Male,106,2077805,5.1
Total,South Carolina,2006,Female,85,2237655,3.8
Total,South Carolina,2006,Male,114,2120192,5.38
Total,South Carolina,2007,Female,85,2280792,3.73
Total,South Carolina,2007,Male,123,2163318,5.69
Total,South Carolina,2008,Female,97,2325047,4.17
Total,South Carolina,2008,Male,116,2203949,5.26
Total,South Carolina,2009,Female,97,2357030,4.12
Total,South Carolina,2009,Male,112,2232842,5.02
Total,South Carolina,2010,Female,77,2379527,3.24
Total,South Carolina,2010,Male,141,2254542,6.25
Total,South Carolina,2011,Female,109,2393964,4.55
Total,South Carolina,2011,Male,132,2269358,5.82
Total,South Carolina,2012,Female,95,2412213,3.94
Total,South Carolina,2012,Male,141,2289678,6.16
Total,South Carolina,2013,Female,93,2430737,3.83
Total,South Carolina,2013,Male,137,2310475,5.93
Total,South Carolina,2014,Female,118,2456206,4.8
Total,South Carolina,2014,Male,152,2336904,6.5
Total,South Carolina,2015,Female,106,2485357,4.26
Total,South Carolina,2015,Male,148,2368094,6.25
Total,South Carolina,2016,Female,135,2514029,5.37
Total,South Carolina,2016,Male,163,2397271,6.8
Total,South Carolina,2017,Female,150,2541479,5.9
Total,South Carolina,2017,Male,145,2424386,5.98
Total,South Carolina,2018,Female,132,2569710,5.14
Total,South Carolina,2018,Male,174,2451396,7.1
Total,South Carolina,2019,Female,135,2598515,5.2
Total,South Carolina,2019,Male,165,2479042,6.66
Total,South Carolina,2020,Female,137,2628568,5.21
Total,South Carolina,2020,Male,186,2503280,7.43
Total,South Carolina,2021,Female,126,2661920,4.73
Total,South Carolina,2021,Male,145,2531346,5.73
Total,South Dakota,1999,Female,31,378500,8.19
Total,South Dakota,1999,Male,30,371912,8.07
Total,South Dakota,2000,Female,24,380681,6.3
Total,South Dakota,2000,Male,22,375163,5.86
Total,South Dakota,2001,Female,16,381537,4.19
Total,South Dakota,2001,Male,23,376435,6.11
Total,South Dakota,2002,Female,17,382328,4.45
Total,South Dakota,2002,Male,29,377692,7.68
Total,South Dakota,2003,Male,36,380096,9.47
Total,South Dakota,2004,Female,18,386677,4.66
Total,South Dakota,2004,Male,31,383719,8.08
Total,South Dakota,2005,Female,16,389021,4.11
Total,South Dakota,2005,Male,18,386472,4.66
Total,South Dakota,2006,Male,25,390613,6.4
Total,South Dakota,2007,Female,22,396650,5.55
Total,South Dakota,2007,Male,23,394973,5.82
Total,South Dakota,2008,Female,26,400236,6.5
Total,South Dakota,2008,Male,16,398888,4.01
Total,South Dakota,2009,Female,22,403198,5.46
Total,South Dakota,2009,Male,31,403869,7.68
Total,South Dakota,2010,Female,21,407611,5.15
Total,South Dakota,2010,Male,34,408464,8.32
Total,South Dakota,2011,Female,25,409600,6.1
Total,South Dakota,2011,Male,27,413539,6.53
Total,South Dakota,2012,Female,24,413373,5.81
Total,South Dakota,2012,Male,28,419401,6.68
Total,South Dakota,2013,Female,20,416885,4.8
Total,South Dakota,2013,Male,33,424222,7.78
Total,South Dakota,2014,Female,18,419422,4.29
Total,South Dakota,2014,Male,34,428082,7.94
Total,South Dakota,2015,Female,23,420991,5.46
Total,South Dakota,2015,Male,32,430968,7.43
Total,South Dakota,2016,Female,29,424538,6.83
Total,South Dakota,2016,Male,23,435916,5.28
Total,South Dakota,2017,Female,25,428604,5.83
Total,South Dakota,2017,Male,34,441344,7.7
Total,South Dakota,2018,Male,37,444154,8.33
Total,South Dakota,2019,Female,23,434075,5.3
Total,South Dakota,2019,Male,38,448323,8.48
Total,South Dakota,2020,Female,20,436184,4.59
Total,South Dakota,2020,Male,31,451615,6.86
Total,South Dakota,2021,Female,29,440197,6.59
Total,South Dakota,2021,Male,31,455967,6.8
Total,Tennessee,1999,Female,118,2897466,4.07
Total,Tennessee,1999,Male,163,2741240,5.95
Total,Tennessee,2000,Female,128,2926133,4.37
Total,Tennessee,2000,Male,164,2777586,5.9
Total,Tennessee,2001,Female,135,2948421,4.58
Total,Tennessee,2001,Male,163,2802368,5.82
Total,Tennessee,2002,Female,159,2971873,5.35
Total,Tennessee,2002,Male,182,2824045,6.44
Total,Tennessee,2003,Female,179,3000983,5.96
Total,Tennessee,2003,Male,167,2846829,5.87
Total,Tennessee,2004,Female,174,3027931,5.75
Total,Tennessee,2004,Male,182,2882878,6.31
Total,Tennessee,2005,Female,149,3068439,4.86
Total,Tennessee,2005,Male,182,2922618,6.23
Total,Tennessee,2006,Female,151,3121455,4.84
Total,Tennessee,2006,Male,178,2967311,6
Total,Tennessee,2007,Female,129,3162280,4.08
Total,Tennessee,2007,Male,164,3013447,5.44
Total,Tennessee,2008,Female,133,3203115,4.15
Total,Tennessee,2008,Male,186,3044296,6.11
Total,Tennessee,2009,Female,185,3231769,5.72
Total,Tennessee,2009,Male,187,3074250,6.08
Total,Tennessee,2010,Female,138,3257324,4.24
Total,Tennessee,2010,Male,177,3099041,5.71
Total,Tennessee,2011,Female,157,3279699,4.79
Total,Tennessee,2011,Male,165,3124775,5.28
Total,Tennessee,2012,Female,150,3305766,4.54
Total,Tennessee,2012,Male,184,3157486,5.83
Total,Tennessee,2013,Female,171,3325545,5.14
Total,Tennessee,2013,Male,216,3182141,6.79
Total,Tennessee,2014,Female,158,3347826,4.72
Total,Tennessee,2014,Male,223,3210782,6.95
Total,Tennessee,2015,Female,134,3372628,3.97
Total,Tennessee,2015,Male,184,3240160,5.68
Total,Tennessee,2016,Female,142,3399928,4.18
Total,Tennessee,2016,Male,222,3272187,6.78
Total,Tennessee,2017,Female,181,3429898,5.28
Total,Tennessee,2017,Male,224,3308922,6.77
Total,Tennessee,2018,Female,187,3461713,5.4
Total,Tennessee,2018,Male,197,3344275,5.89
Total,Tennessee,2019,Female,172,3488335,4.93
Total,Tennessee,2019,Male,229,3373696,6.79
Total,Tennessee,2020,Female,170,3519863,4.83
Total,Tennessee,2020,Male,237,3405756,6.96
Total,Tennessee,2021,Female,160,3546382,4.51
Total,Tennessee,2021,Male,214,3421969,6.25
Total,Texas,1999,Female,382,10360202,3.69
Total,Texas,1999,Male,465,10198018,4.56
Total,Texas,2000,Female,384,10545156,3.64
Total,Texas,2000,Male,460,10399343,4.42
Total,Texas,2001,Female,375,10731190,3.49
Total,Texas,2001,Male,492,10588432,4.65
Total,Texas,2002,Female,385,10914653,3.53
Total,Texas,2002,Male,511,10775672,4.74
Total,Texas,2003,Female,363,11095953,3.27
Total,Texas,2003,Male,509,10934978,4.65
Total,Texas,2004,Female,360,11278402,3.19
Total,Texas,2004,Male,476,11115621,4.28
Total,Texas,2005,Female,423,11467895,3.69
Total,Texas,2005,Male,470,11305125,4.16
Total,Texas,2006,Female,395,11771243,3.36
Total,Texas,2006,Male,498,11588337,4.3
Total,Texas,2007,Female,411,12010572,3.42
Total,Texas,2007,Male,460,11821411,3.89
Total,Texas,2008,Female,408,12249936,3.33
Total,Texas,2008,Male,474,12059103,3.93
Total,Texas,2009,Female,444,12500150,3.55
Total,Texas,2009,Male,507,12301611,4.12
Total,Texas,2010,Female,401,12717722,3.15
Total,Texas,2010,Male,526,12521144,4.2
Total,Texas,2011,Female,411,12905916,3.18
Total,Texas,2011,Male,521,12724921,4.09
Total,Texas,2012,Female,441,13105039,3.37
Total,Texas,2012,Male,600,12951833,4.63
Total,Texas,2013,Female,474,13283423,3.57
Total,Texas,2013,Male,606,13155525,4.61
Total,Texas,2014,Female,502,13504837,3.72
Total,Texas,2014,Male,588,13403175,4.39
Total,Texas,2015,Female,535,13734747,3.9
Total,Texas,2015,Male,605,13663862,4.43
Total,Texas,2016,Female,516,13938319,3.7
Total,Texas,2016,Male,681,13890317,4.9
Total,Texas,2017,Female,522,14107443,3.7
Total,Texas,2017,Male,647,14081747,4.59
Total,Texas,2018,Female,541,14258994,3.79
Total,Texas,2018,Male,668,14248515,4.69
Total,Texas,2019,Female,527,14421805,3.65
Total,Texas,2019,Male,692,14433487,4.79
Total,Texas,2020,Female,541,14600954,3.71
Total,Texas,2020,Male,731,14631520,5
Total,Texas,2021,Female,549,14769892,3.72
Total,Texas,2021,Male,727,14788972,4.92
Total,Utah,1999,Female,39,1100167,3.54
Total,Utah,1999,Male,46,1103315,4.17
Total,Utah,2000,Female,33,1119827,2.95
Total,Utah,2000,Male,49,1124675,4.36
Total,Utah,2001,Female,28,1139182,2.46
Total,Utah,2001,Male,44,1144533,3.84
Total,Utah,2002,Female,32,1158853,2.76
Total,Utah,2002,Male,54,1165962,4.63
Total,Utah,2003,Female,32,1175867,2.72
Total,Utah,2003,Male,54,1184270,4.56
Total,Utah,2004,Female,36,1196749,3.01
Total,Utah,2004,Male,44,1204831,3.65
Total,Utah,2005,Female,35,1224741,2.86
Total,Utah,2005,Male,53,1232978,4.3
Total,Utah,2006,Female,53,1257991,4.21
Total,Utah,2006,Male,55,1267516,4.34
Total,Utah,2007,Female,33,1292672,2.55
Total,Utah,2007,Male,58,1305074,4.44
Total,Utah,2008,Female,39,1325631,2.94
Total,Utah,2008,Male,62,1337398,4.64
Total,Utah,2009,Female,44,1355509,3.25
Total,Utah,2009,Male,48,1367912,3.51
Total,Utah,2010,Female,35,1381393,2.53
Total,Utah,2010,Male,47,1394705,3.37
Total,Utah,2011,Female,43,1401407,3.07
Total,Utah,2011,Male,67,1417034,4.73
Total,Utah,2012,Female,47,1420482,3.31
Total,Utah,2012,Male,66,1440269,4.58
Total,Utah,2013,Female,49,1442635,3.4
Total,Utah,2013,Male,71,1465750,4.84
Total,Utah,2014,Female,53,1462500,3.62
Total,Utah,2014,Male,65,1488438,4.37
Total,Utah,2015,Female,47,1484774,3.17
Total,Utah,2015,Male,77,1514601,5.08
Total,Utah,2016,Female,42,1514751,2.77
Total,Utah,2016,Male,82,1548536,5.3
Total,Utah,2017,Female,46,1543822,2.98
Total,Utah,2017,Male,80,1582021,5.06
Total,Utah,2018,Female,60,1569839,3.82
Total,Utah,2018,Male,71,1611056,4.41
Total,Utah,2019,Female,62,1593987,3.89
Total,Utah,2019,Male,79,1638710,4.82
Total,Utah,2020,Female,73,1617344,4.51
Total,Utah,2020,Male,84,1666441,5.04
Total,Utah,2021,Female,54,1644890,3.28
Total,Utah,2021,Male,82,1694223,4.84
Total,Vermont,2001,Male,16,300444,5.33
Total,Vermont,2002,Male,18,302483,5.95
Total,Vermont,2003,Male,22,303652,7.25
Total,Vermont,2004,Male,17,304840,5.58
Total,Vermont,2005,Male,18,305793,5.89
Total,Vermont,2006,Female,19,316290,6.01
Total,Vermont,2007,Female,17,316538,5.37
Total,Vermont,2007,Male,17,306943,5.54
Total,Vermont,2008,Male,20,307429,6.51
Total,Vermont,2010,Female,18,317794,5.66
Total,Vermont,2010,Male,28,308557,9.07
Total,Vermont,2011,Male,31,310787,9.97
Total,Vermont,2012,Female,22,319119,6.89
Total,Vermont,2012,Male,23,311676,7.38
Total,Vermont,2013,Female,20,319736,6.26
Total,Vermont,2013,Male,28,313229,8.94
Total,Vermont,2014,Male,22,313997,7.01
Total,Vermont,2015,Female,26,320566,8.11
Total,Vermont,2015,Male,22,315424,6.97
Total,Vermont,2016,Male,19,315964,6.01
Total,Vermont,2017,Female,29,321580,9.02
Total,Vermont,2017,Male,32,317524,10.08
Total,Vermont,2018,Female,16,322215,4.97
Total,Vermont,2018,Male,26,318468,8.16
Total,Vermont,2019,Female,18,322305,5.58
Total,Vermont,2019,Male,27,319548,8.45
Total,Vermont,2020,Female,25,322577,7.75
Total,Vermont,2020,Male,25,320316,7.8
Total,Vermont,2021,Female,20,324835,6.16
Total,Vermont,2021,Male,27,322137,8.38
Total,Virginia,1999,Female,126,3569683,3.53
Total,Virginia,1999,Male,160,3430491,4.66
Total,Virginia,2000,Female,120,3619742,3.32
Total,Virginia,2000,Male,159,3486075,4.56
Total,Virginia,2001,Female,122,3665386,3.33
Total,Virginia,2001,Male,178,3532976,5.04
Total,Virginia,2002,Female,119,3713695,3.2
Total,Virginia,2002,Male,146,3573178,4.09
Total,Virginia,2003,Female,109,3757780,2.9
Total,Virginia,2003,Male,167,3609197,4.63
Total,Virginia,2004,Female,123,3814310,3.22
Total,Virginia,2004,Male,169,3661265,4.62
Total,Virginia,2005,Female,120,3863646,3.11
Total,Virginia,2005,Male,190,3713459,5.12
Total,Virginia,2006,Female,132,3908475,3.38
Total,Virginia,2006,Male,140,3765250,3.72
Total,Virginia,2007,Female,134,3947966,3.39
Total,Virginia,2007,Male,169,3803034,4.44
Total,Virginia,2008,Female,136,3988983,3.41
Total,Virginia,2008,Male,180,3844513,4.68
Total,Virginia,2009,Female,141,4037895,3.49
Total,Virginia,2009,Male,175,3888042,4.5
Total,Virginia,2010,Female,152,4085647,3.72
Total,Virginia,2010,Male,204,3939507,5.18
Total,Virginia,2011,Female,156,4123279,3.78
Total,Virginia,2011,Male,184,3984928,4.62
Total,Virginia,2012,Female,166,4164376,3.99
Total,Virginia,2012,Male,191,4033331,4.74
Total,Virginia,2013,Female,167,4196363,3.98
Total,Virginia,2013,Male,190,4074140,4.66
Total,Virginia,2014,Female,198,4224407,4.69
Total,Virginia,2014,Male,181,4109892,4.4
Total,Virginia,2015,Female,177,4248255,4.17
Total,Virginia,2015,Male,212,4142249,5.12
Total,Virginia,2016,Female,180,4273094,4.21
Total,Virginia,2016,Male,240,4171803,5.75
Total,Virginia,2017,Female,186,4298313,4.33
Total,Virginia,2017,Male,229,4203858,5.45
Total,Virginia,2018,Female,207,4318230,4.79
Total,Virginia,2018,Male,238,4228178,5.63
Total,Virginia,2019,Female,163,4340612,3.76
Total,Virginia,2019,Male,241,4256378,5.66
Total,Virginia,2020,Female,211,4358182,4.84
Total,Virginia,2020,Male,258,4278289,6.03
Total,Virginia,2021,Female,179,4368872,4.1
Total,Virginia,2021,Male,252,4288493,5.88
Total,Washington,1999,Female,143,2934901,4.87
Total,Washington,1999,Male,193,2907663,6.64
Total,Washington,2000,Female,144,2967734,4.85
Total,Washington,2000,Male,178,2942778,6.05
Total,Washington,2001,Female,144,3002080,4.8
Total,Washington,2001,Male,187,2983642,6.27
Total,Washington,2002,Female,143,3036742,4.71
Total,Washington,2002,Male,180,3015607,5.97
Total,Washington,2003,Female,154,3065739,5.02
Total,Washington,2003,Male,188,3038376,6.19
Total,Washington,2004,Female,163,3107815,5.24
Total,Washington,2004,Male,172,3070830,5.6
Total,Washington,2005,Female,144,3145396,4.58
Total,Washington,2005,Male,203,3111909,6.52
Total,Washington,2006,Female,127,3200695,3.97
Total,Washington,2006,Male,206,3170058,6.5
Total,Washington,2007,Female,139,3247800,4.28
Total,Washington,2007,Male,177,3213787,5.51
Total,Washington,2008,Female,150,3293162,4.55
Total,Washington,2008,Male,215,3269069,6.58
Total,Washington,2009,Female,137,3343920,4.1
Total,Washington,2009,Male,209,3323506,6.29
Total,Washington,2010,Female,163,3384221,4.82
Total,Washington,2010,Male,215,3359542,6.4
Total,Washington,2011,Female,165,3422815,4.82
Total,Washington,2011,Male,217,3408261,6.37
Total,Washington,2012,Female,165,3455933,4.77
Total,Washington,2012,Male,221,3448958,6.41
Total,Washington,2013,Female,168,3486285,4.82
Total,Washington,2013,Male,206,3488816,5.9
Total,Washington,2014,Female,166,3526973,4.71
Total,Washington,2014,Male,212,3541859,5.99
Total,Washington,2015,Female,161,3578562,4.5
Total,Washington,2015,Male,236,3602615,6.55
Total,Washington,2016,Female,175,3640190,4.81
Total,Washington,2016,Male,253,3676145,6.88
Total,Washington,2017,Female,185,3700580,5
Total,Washington,2017,Male,248,3746061,6.62
Total,Washington,2018,Female,182,3746992,4.86
Total,Washington,2018,Male,251,3801228,6.6
Total,Washington,2019,Female,206,3787030,5.44
Total,Washington,2019,Male,255,3851454,6.62
Total,Washington,2020,Female,179,3824760,4.68
Total,Washington,2020,Male,266,3899271,6.82
Total,Washington,2021,Female,196,3832457,5.11
Total,Washington,2021,Male,273,3908288,6.99
Total,West Virginia,1999,Female,43,931809,4.61
Total,West Virginia,1999,Male,47,879990,5.34
Total,West Virginia,2000,Female,38,928269,4.09
Total,West Virginia,2000,Male,37,878752,4.21
Total,West Virginia,2001,Female,38,923643,4.11
Total,West Virginia,2001,Male,57,877838,6.49
Total,West Virginia,2002,Female,42,923841,4.55
Total,West Virginia,2002,Male,58,881573,6.58
Total,West Virginia,2003,Female,38,925835,4.1
Total,West Virginia,2003,Male,51,886460,5.75
Total,West Virginia,2004,Female,43,927027,4.64
Total,West Virginia,2004,Male,58,889411,6.52
Total,West Virginia,2005,Female,49,927690,5.28
Total,West Virginia,2005,Male,59,892802,6.61
Total,West Virginia,2006,Female,36,930605,3.87
Total,West Virginia,2006,Male,48,897307,5.35
Total,West Virginia,2007,Female,55,932683,5.9
Total,West Virginia,2007,Male,50,901369,5.55
Total,West Virginia,2008,Female,46,934911,4.92
Total,West Virginia,2008,Male,55,905399,6.07
Total,West Virginia,2009,Female,46,937434,4.91
Total,West Virginia,2009,Male,54,910341,5.93
Total,West Virginia,2010,Female,54,939822,5.75
Total,West Virginia,2010,Male,53,914606,5.79
Total,West Virginia,2011,Female,35,939889,3.72
Total,West Virginia,2011,Male,42,917619,4.58
Total,West Virginia,2012,Female,46,939094,4.9
Total,West Virginia,2012,Male,69,919918,7.5
Total,West Virginia,2013,Female,42,936692,4.48
Total,West Virginia,2013,Male,63,920279,6.85
Total,West Virginia,2014,Female,49,934129,5.25
Total,West Virginia,2014,Male,66,919211,7.18
Total,West Virginia,2015,Female,45,929173,4.84
Total,West Virginia,2015,Male,71,917478,7.74
Total,West Virginia,2016,Female,57,922809,6.18
Total,West Virginia,2016,Male,56,913412,6.13
Total,West Virginia,2017,Female,58,914720,6.34
Total,West Virginia,2017,Male,59,908103,6.5
Total,West Virginia,2018,Female,45,907743,4.96
Total,West Virginia,2018,Male,66,902819,7.31
Total,West Virginia,2019,Female,47,901370,5.21
Total,West Virginia,2019,Male,68,899057,7.56
Total,West Virginia,2020,Female,52,896132,5.8
Total,West Virginia,2020,Male,60,895288,6.7
Total,West Virginia,2021,Female,41,893400,4.59
Total,West Virginia,2021,Male,78,892126,8.74
Total,Wisconsin,1999,Female,105,2701525,3.89
Total,Wisconsin,1999,Male,148,2631141,5.62
Total,Wisconsin,2000,Female,123,2719235,4.52
Total,Wisconsin,2000,Male,146,2654764,5.5
Total,Wisconsin,2001,Female,110,2733647,4.02
Total,Wisconsin,2001,Male,152,2673188,5.69
Total,Wisconsin,2002,Female,113,2751697,4.11
Total,Wisconsin,2002,Male,154,2693465,5.72
Total,Wisconsin,2003,Female,127,2766901,4.59
Total,Wisconsin,2003,Male,142,2712302,5.24
Total,Wisconsin,2004,Female,103,2782678,3.7
Total,Wisconsin,2004,Male,143,2731348,5.24
Total,Wisconsin,2005,Female,125,2797061,4.47
Total,Wisconsin,2005,Male,157,2749105,5.71
Total,Wisconsin,2006,Female,129,2812276,4.59
Total,Wisconsin,2006,Male,142,2765379,5.13
Total,Wisconsin,2007,Female,117,2827782,4.14
Total,Wisconsin,2007,Male,161,2782993,5.79
Total,Wisconsin,2008,Female,137,2842268,4.82
Total,Wisconsin,2008,Male,195,2798728,6.97
Total,Wisconsin,2009,Female,123,2856103,4.31
Total,Wisconsin,2009,Male,183,2813161,6.51
Total,Wisconsin,2010,Female,125,2866570,4.36
Total,Wisconsin,2010,Male,168,2825524,5.95
Total,Wisconsin,2011,Female,156,2874721,5.43
Total,Wisconsin,2011,Male,199,2838861,7.01
Total,Wisconsin,2012,Female,140,2882241,4.86
Total,Wisconsin,2012,Male,153,2852344,5.36
Total,Wisconsin,2013,Female,154,2891099,5.33
Total,Wisconsin,2013,Male,174,2866612,6.07
Total,Wisconsin,2014,Female,149,2898447,5.14
Total,Wisconsin,2014,Male,192,2880268,6.67
Total,Wisconsin,2015,Female,139,2902460,4.79
Total,Wisconsin,2015,Male,200,2891837,6.92
Total,Wisconsin,2016,Female,141,2908196,4.85
Total,Wisconsin,2016,Male,202,2904163,6.96
Total,Wisconsin,2017,Female,148,2917256,5.07
Total,Wisconsin,2017,Male,195,2918843,6.68
Total,Wisconsin,2018,Female,139,2924835,4.75
Total,Wisconsin,2018,Male,216,2933555,7.36
Total,Wisconsin,2019,Female,150,2932719,5.11
Total,Wisconsin,2019,Male,188,2947274,6.38
Total,Wisconsin,2020,Female,164,2938249,5.58
Total,Wisconsin,2020,Male,202,2958022,6.83
Total,Wisconsin,2021,Female,165,2931021,5.63
Total,Wisconsin,2021,Male,211,2949080,7.15
Total,Wyoming,1999,Male,17,247262,6.88
Total,Wyoming,2004,Male,16,257600,6.21
Total,Wyoming,2009,Male,16,285805,5.6
Total,Wyoming,2010,Male,18,287806,6.25
Total,Wyoming,2011,Male,18,289303,6.22
Total,Wyoming,2012,Male,17,294353,5.78
Total,Wyoming,2014,Male,19,297478,6.39
Total,Wyoming,2015,Female,17,284365,5.98
Total,Wyoming,2015,Male,20,299354,6.68
Total,Wyoming,2016,Female,23,283480,8.11
Total,Wyoming,2016,Male,19,298541,6.36
Total,Wyoming,2017,Female,20,280857,7.12
Total,Wyoming,2017,Male,26,295391,8.8
Total,Wyoming,2018,Male,21,294546,7.13
Total,Wyoming,2019,Male,22,295097,7.46
Total,Wyoming,2020,Female,16,281171,5.69
Total,Wyoming,2020,Male,19,296434,6.41
Total,Wyoming,2021,Female,17,282577,6.02
Total,Wyoming,2021,Male,16,296906,5.39
