Year,113 Cause Name,Cause Name,State,Deaths,Age-adjusted Death Rate
2017,Malignant neoplasms (C00-C97),Cancer,United States,599108,152.5
2017,Malignant neoplasms (C00-C97),Cancer,Alabama,10410,170
2017,Malignant neoplasms (C00-C97),Cancer,Alaska,926,139.2
2017,Malignant neoplasms (C00-C97),Cancer,Arizona,12008,135.8
2017,Malignant neoplasms (C00-C97),Cancer,Arkansas,6517,173.6
2017,Malignant neoplasms (C00-C97),Cancer,California,59516,136.8
2017,Malignant neoplasms (C00-C97),Cancer,Colorado,7829,131
2017,Malignant neoplasms (C00-C97),Cancer,Connecticut,6608,139.6
2017,Malignant neoplasms (C00-C97),Cancer,Delaware,2085,160.4
2017,Malignant neoplasms (C00-C97),Cancer,District of Columbia,1031,152.8
2017,Malignant neoplasms (C00-C97),Cancer,Florida,45131,145.9
2017,Malignant neoplasms (C00-C97),Cancer,Georgia,17135,154.9
2017,Malignant neoplasms (C00-C97),Cancer,Hawaii,2456,128.6
2017,Malignant neoplasms (C00-C97),Cancer,Idaho,3020,153.2
2017,Malignant neoplasms (C00-C97),Cancer,Illinois,24150,157.9
2017,Malignant neoplasms (C00-C97),Cancer,Indiana,13462,170
2017,Malignant neoplasms (C00-C97),Cancer,Iowa,6449,158
2017,Malignant neoplasms (C00-C97),Cancer,Kansas,5494,157.2
2017,Malignant neoplasms (C00-C97),Cancer,Kentucky,10145,185.7
2017,Malignant neoplasms (C00-C97),Cancer,Louisiana,9513,174.9
2017,Malignant neoplasms (C00-C97),Cancer,Maine,3391,170.8
2017,Malignant neoplasms (C00-C97),Cancer,Maryland,10796,151.5
2017,Malignant neoplasms (C00-C97),Cancer,Massachusetts,12934,149.3
2017,Malignant neoplasms (C00-C97),Cancer,Michigan,20671,161.3
2017,Malignant neoplasms (C00-C97),Cancer,Minnesota,9896,146.8
2017,Malignant neoplasms (C00-C97),Cancer,Mississippi,6526,183.1
2017,Malignant neoplasms (C00-C97),Cancer,Missouri,12971,167.3
2017,Malignant neoplasms (C00-C97),Cancer,Montana,2145,152.6
2017,Malignant neoplasms (C00-C97),Cancer,Nebraska,3502,152.6
2017,Malignant neoplasms (C00-C97),Cancer,Nevada,5283,155.3
2017,Malignant neoplasms (C00-C97),Cancer,New Hampshire,2760,153.5
2017,Malignant neoplasms (C00-C97),Cancer,New Jersey,16264,144.6
2017,Malignant neoplasms (C00-C97),Cancer,New Mexico,3620,138.3
2017,Malignant neoplasms (C00-C97),Cancer,New York,34956,141.2
2017,Malignant neoplasms (C00-C97),Cancer,North Carolina,19474,157.1
2017,Malignant neoplasms (C00-C97),Cancer,North Dakota,1280,142.6
2017,Malignant neoplasms (C00-C97),Cancer,Ohio,25643,171.2
2017,Malignant neoplasms (C00-C97),Cancer,Oklahoma,8203,177.3
2017,Malignant neoplasms (C00-C97),Cancer,Oregon,8083,154.2
2017,Malignant neoplasms (C00-C97),Cancer,Pennsylvania,28387,161
2017,Malignant neoplasms (C00-C97),Cancer,Rhode Island,2154,154.2
2017,Malignant neoplasms (C00-C97),Cancer,South Carolina,10356,162.7
2017,Malignant neoplasms (C00-C97),Cancer,South Dakota,1715,156.9
2017,Malignant neoplasms (C00-C97),Cancer,Tennessee,14302,173.4
2017,Malignant neoplasms (C00-C97),Cancer,Texas,40668,146.5
2017,Malignant neoplasms (C00-C97),Cancer,Utah,3161,120.3
2017,Malignant neoplasms (C00-C97),Cancer,Vermont,1434,164.5
2017,Malignant neoplasms (C00-C97),Cancer,Virginia,15064,152.6
2017,Malignant neoplasms (C00-C97),Cancer,Washington,12664,148.4
2017,Malignant neoplasms (C00-C97),Cancer,West Virginia,4654,179.4
2017,Malignant neoplasms (C00-C97),Cancer,Wisconsin,11318,153.2
2017,Malignant neoplasms (C00-C97),Cancer,Wyoming,948,136.1
2016,Malignant neoplasms (C00-C97),Cancer,Alabama,10419,174
2016,Malignant neoplasms (C00-C97),Cancer,Alaska,995,158.7
2016,Malignant neoplasms (C00-C97),Cancer,Arizona,11876,136.8
2016,Malignant neoplasms (C00-C97),Cancer,Arkansas,6612,178.8
2016,Malignant neoplasms (C00-C97),Cancer,California,59515,139.7
2016,Malignant neoplasms (C00-C97),Cancer,Colorado,7928,137.1
2016,Malignant neoplasms (C00-C97),Cancer,Connecticut,6696,144.9
2016,Malignant neoplasms (C00-C97),Cancer,Delaware,2124,170.8
2016,Malignant neoplasms (C00-C97),Cancer,District of Columbia,1044,160.1
2016,Malignant neoplasms (C00-C97),Cancer,Florida,44266,146.9
2016,Malignant neoplasms (C00-C97),Cancer,Georgia,17184,160.2
2016,Malignant neoplasms (C00-C97),Cancer,Hawaii,2401,128.7
2016,Malignant neoplasms (C00-C97),Cancer,Idaho,2884,150.9
2016,Malignant neoplasms (C00-C97),Cancer,Illinois,24389,163.5
2016,Malignant neoplasms (C00-C97),Cancer,Indiana,13424,172.5
2016,Malignant neoplasms (C00-C97),Cancer,Iowa,6432,159.8
2016,Malignant neoplasms (C00-C97),Cancer,Kansas,5484,158.6
2016,Malignant neoplasms (C00-C97),Cancer,Kentucky,10363,193.8
2016,Malignant neoplasms (C00-C97),Cancer,Louisiana,9149,171.9
2016,Malignant neoplasms (C00-C97),Cancer,Maine,3275,168.9
2016,Malignant neoplasms (C00-C97),Cancer,Maryland,10911,156.5
2016,Malignant neoplasms (C00-C97),Cancer,Massachusetts,12717,150.2
2016,Malignant neoplasms (C00-C97),Cancer,Michigan,20870,166.4
2016,Malignant neoplasms (C00-C97),Cancer,Minnesota,9857,148.6
2016,Malignant neoplasms (C00-C97),Cancer,Mississippi,6568,187.7
2016,Malignant neoplasms (C00-C97),Cancer,Missouri,12696,167
2016,Malignant neoplasms (C00-C97),Cancer,Montana,2031,145.9
2016,Malignant neoplasms (C00-C97),Cancer,Nebraska,3477,153.6
2016,Malignant neoplasms (C00-C97),Cancer,Nevada,5214,157.3
2016,Malignant neoplasms (C00-C97),Cancer,New Hampshire,2875,164.1
2016,Malignant neoplasms (C00-C97),Cancer,New Jersey,16377,149.7
2016,Malignant neoplasms (C00-C97),Cancer,New Mexico,3560,138.8
2016,Malignant neoplasms (C00-C97),Cancer,New York,35368,147.5
2016,Malignant neoplasms (C00-C97),Cancer,North Carolina,19523,161.6
2016,Malignant neoplasms (C00-C97),Cancer,North Dakota,1253,142.7
2016,Malignant neoplasms (C00-C97),Cancer,Ohio,25509,173.4
2016,Malignant neoplasms (C00-C97),Cancer,Oklahoma,8115,177.8
2016,Malignant neoplasms (C00-C97),Cancer,Oregon,8078,155.9
2016,Malignant neoplasms (C00-C97),Cancer,Pennsylvania,28492,164.7
2016,Malignant neoplasms (C00-C97),Cancer,Rhode Island,2171,158
2016,Malignant neoplasms (C00-C97),Cancer,South Carolina,10356,167.7
2016,Malignant neoplasms (C00-C97),Cancer,South Dakota,1694,156.7
2016,Malignant neoplasms (C00-C97),Cancer,Tennessee,14450,179.9
2016,Malignant neoplasms (C00-C97),Cancer,Texas,40195,148.5
2016,Malignant neoplasms (C00-C97),Cancer,United States,598038,155.8
2016,Malignant neoplasms (C00-C97),Cancer,Utah,3125,122.4
2016,Malignant neoplasms (C00-C97),Cancer,Vermont,1356,158.4
2016,Malignant neoplasms (C00-C97),Cancer,Virginia,15027,156.1
2016,Malignant neoplasms (C00-C97),Cancer,Washington,12594,150.9
2016,Malignant neoplasms (C00-C97),Cancer,West Virginia,4659,182.2
2016,Malignant neoplasms (C00-C97),Cancer,Wisconsin,11498,158
2016,Malignant neoplasms (C00-C97),Cancer,Wyoming,962,140.9
2015,Malignant neoplasms (C00-C97),Cancer,Alabama,10354,175.6
2015,Malignant neoplasms (C00-C97),Cancer,Alaska,978,159.8
2015,Malignant neoplasms (C00-C97),Cancer,Arizona,11776,141.3
2015,Malignant neoplasms (C00-C97),Cancer,Arkansas,6727,185.4
2015,Malignant neoplasms (C00-C97),Cancer,California,59629,142.8
2015,Malignant neoplasms (C00-C97),Cancer,Colorado,7604,134.4
2015,Malignant neoplasms (C00-C97),Cancer,Connecticut,6666,146.2
2015,Malignant neoplasms (C00-C97),Cancer,Delaware,2010,165.6
2015,Malignant neoplasms (C00-C97),Cancer,District of Columbia,1072,167.5
2015,Malignant neoplasms (C00-C97),Cancer,Florida,44027,150.6
2015,Malignant neoplasms (C00-C97),Cancer,Georgia,16945,163
2015,Malignant neoplasms (C00-C97),Cancer,Hawaii,2462,135.3
2015,Malignant neoplasms (C00-C97),Cancer,Idaho,2849,153.6
2015,Malignant neoplasms (C00-C97),Cancer,Illinois,24713,167.6
2015,Malignant neoplasms (C00-C97),Cancer,Indiana,13511,176.3
2015,Malignant neoplasms (C00-C97),Cancer,Iowa,6513,164.1
2015,Malignant neoplasms (C00-C97),Cancer,Kansas,5604,164.6
2015,Malignant neoplasms (C00-C97),Cancer,Kentucky,10312,195.9
2015,Malignant neoplasms (C00-C97),Cancer,Louisiana,9397,180.2
2015,Malignant neoplasms (C00-C97),Cancer,Maine,3398,178
2015,Malignant neoplasms (C00-C97),Cancer,Maryland,10568,155
2015,Malignant neoplasms (C00-C97),Cancer,Massachusetts,12750,152.9
2015,Malignant neoplasms (C00-C97),Cancer,Michigan,20732,168
2015,Malignant neoplasms (C00-C97),Cancer,Minnesota,9925,153
2015,Malignant neoplasms (C00-C97),Cancer,Mississippi,6485,188.4
2015,Malignant neoplasms (C00-C97),Cancer,Missouri,12965,173.4
2015,Malignant neoplasms (C00-C97),Cancer,Montana,2130,156.9
2015,Malignant neoplasms (C00-C97),Cancer,Nebraska,3514,157.8
2015,Malignant neoplasms (C00-C97),Cancer,Nevada,5015,157.2
2015,Malignant neoplasms (C00-C97),Cancer,New Hampshire,2773,161.3
2015,Malignant neoplasms (C00-C97),Cancer,New Jersey,16270,150.8
2015,Malignant neoplasms (C00-C97),Cancer,New Mexico,3591,143.3
2015,Malignant neoplasms (C00-C97),Cancer,New York,35089,148.4
2015,Malignant neoplasms (C00-C97),Cancer,North Carolina,19322,164.7
2015,Malignant neoplasms (C00-C97),Cancer,North Dakota,1320,152.9
2015,Malignant neoplasms (C00-C97),Cancer,Ohio,25396,175.1
2015,Malignant neoplasms (C00-C97),Cancer,Oklahoma,8280,184.3
2015,Malignant neoplasms (C00-C97),Cancer,Oregon,8093,160.2
2015,Malignant neoplasms (C00-C97),Cancer,Pennsylvania,28697,167.2
2015,Malignant neoplasms (C00-C97),Cancer,Rhode Island,2226,163.1
2015,Malignant neoplasms (C00-C97),Cancer,South Carolina,9950,166.6
2015,Malignant neoplasms (C00-C97),Cancer,South Dakota,1640,154
2015,Malignant neoplasms (C00-C97),Cancer,Tennessee,14214,180.5
2015,Malignant neoplasms (C00-C97),Cancer,Texas,39121,149.2
2015,Malignant neoplasms (C00-C97),Cancer,United States,595930,158.5
2015,Malignant neoplasms (C00-C97),Cancer,Utah,3091,125.2
2015,Malignant neoplasms (C00-C97),Cancer,Vermont,1399,165.3
2015,Malignant neoplasms (C00-C97),Cancer,Virginia,14947,159.5
2015,Malignant neoplasms (C00-C97),Cancer,Washington,12687,156.4
2015,Malignant neoplasms (C00-C97),Cancer,West Virginia,4839,190.4
2015,Malignant neoplasms (C00-C97),Cancer,Wisconsin,11423,159.3
2015,Malignant neoplasms (C00-C97),Cancer,Wyoming,931,139.4
2014,Malignant neoplasms (C00-C97),Cancer,Alabama,10286,177.6
2014,Malignant neoplasms (C00-C97),Cancer,Alaska,972,164.2
2014,Malignant neoplasms (C00-C97),Cancer,Arizona,11455,142.7
2014,Malignant neoplasms (C00-C97),Cancer,Arkansas,6546,183.1
2014,Malignant neoplasms (C00-C97),Cancer,California,58412,144.1
2014,Malignant neoplasms (C00-C97),Cancer,Colorado,7405,136
2014,Malignant neoplasms (C00-C97),Cancer,Connecticut,6621,146.7
2014,Malignant neoplasms (C00-C97),Cancer,Delaware,1972,167.3
2014,Malignant neoplasms (C00-C97),Cancer,District of Columbia,1116,178.6
2014,Malignant neoplasms (C00-C97),Cancer,Florida,43212,152.9
2014,Malignant neoplasms (C00-C97),Cancer,Georgia,16684,165.5
2014,Malignant neoplasms (C00-C97),Cancer,Hawaii,2493,140
2014,Malignant neoplasms (C00-C97),Cancer,Idaho,2795,155.4
2014,Malignant neoplasms (C00-C97),Cancer,Illinois,24501,168.9
2014,Malignant neoplasms (C00-C97),Cancer,Indiana,13519,179.7
2014,Malignant neoplasms (C00-C97),Cancer,Iowa,6504,166
2014,Malignant neoplasms (C00-C97),Cancer,Kansas,5587,166.8
2014,Malignant neoplasms (C00-C97),Cancer,Kentucky,10263,198.8
2014,Malignant neoplasms (C00-C97),Cancer,Louisiana,9455,186.1
2014,Malignant neoplasms (C00-C97),Cancer,Maine,3209,170.3
2014,Malignant neoplasms (C00-C97),Cancer,Maryland,10759,161.7
2014,Malignant neoplasms (C00-C97),Cancer,Massachusetts,12787,155.5
2014,Malignant neoplasms (C00-C97),Cancer,Michigan,21169,174.1
2014,Malignant neoplasms (C00-C97),Cancer,Minnesota,9649,152.6
2014,Malignant neoplasms (C00-C97),Cancer,Mississippi,6534,193.1
2014,Malignant neoplasms (C00-C97),Cancer,Missouri,13067,177.7
2014,Malignant neoplasms (C00-C97),Cancer,Montana,2066,156.3
2014,Malignant neoplasms (C00-C97),Cancer,Nebraska,3459,159.6
2014,Malignant neoplasms (C00-C97),Cancer,Nevada,5015,164.5
2014,Malignant neoplasms (C00-C97),Cancer,New Hampshire,2698,160.4
2014,Malignant neoplasms (C00-C97),Cancer,New Jersey,16591,156.1
2014,Malignant neoplasms (C00-C97),Cancer,New Mexico,3478,142.4
2014,Malignant neoplasms (C00-C97),Cancer,New York,35392,151.8
2014,Malignant neoplasms (C00-C97),Cancer,North Carolina,19342,169.3
2014,Malignant neoplasms (C00-C97),Cancer,North Dakota,1304,152.3
2014,Malignant neoplasms (C00-C97),Cancer,Ohio,25433,177.8
2014,Malignant neoplasms (C00-C97),Cancer,Oklahoma,7934,179.9
2014,Malignant neoplasms (C00-C97),Cancer,Oregon,7863,160.2
2014,Malignant neoplasms (C00-C97),Cancer,Pennsylvania,28692,169.6
2014,Malignant neoplasms (C00-C97),Cancer,Rhode Island,2242,167
2014,Malignant neoplasms (C00-C97),Cancer,South Carolina,9930,171.4
2014,Malignant neoplasms (C00-C97),Cancer,South Dakota,1698,163.4
2014,Malignant neoplasms (C00-C97),Cancer,Tennessee,14173,184.2
2014,Malignant neoplasms (C00-C97),Cancer,Texas,38847,152.9
2014,Malignant neoplasms (C00-C97),Cancer,United States,591700,161.2
2014,Malignant neoplasms (C00-C97),Cancer,Utah,3043,127.4
2014,Malignant neoplasms (C00-C97),Cancer,Vermont,1379,167.9
2014,Malignant neoplasms (C00-C97),Cancer,Virginia,14749,161.5
2014,Malignant neoplasms (C00-C97),Cancer,Washington,12205,155.5
2014,Malignant neoplasms (C00-C97),Cancer,West Virginia,4880,195.1
2014,Malignant neoplasms (C00-C97),Cancer,Wisconsin,11393,161.8
2014,Malignant neoplasms (C00-C97),Cancer,Wyoming,922,140.7
2013,Malignant neoplasms (C00-C97),Cancer,Alabama,10328,182.2
2013,Malignant neoplasms (C00-C97),Cancer,Alaska,1016,172
2013,Malignant neoplasms (C00-C97),Cancer,Arizona,11347,147
2013,Malignant neoplasms (C00-C97),Cancer,Arkansas,6688,190
2013,Malignant neoplasms (C00-C97),Cancer,California,57714,147
2013,Malignant neoplasms (C00-C97),Cancer,Colorado,7357,139.2
2013,Malignant neoplasms (C00-C97),Cancer,Connecticut,6619,148.4
2013,Malignant neoplasms (C00-C97),Cancer,Delaware,1905,167.6
2013,Malignant neoplasms (C00-C97),Cancer,District of Columbia,1095,178.2
2013,Malignant neoplasms (C00-C97),Cancer,Florida,42735,155.9
2013,Malignant neoplasms (C00-C97),Cancer,Georgia,16417,167.7
2013,Malignant neoplasms (C00-C97),Cancer,Hawaii,2332,135.5
2013,Malignant neoplasms (C00-C97),Cancer,Idaho,2707,156.2
2013,Malignant neoplasms (C00-C97),Cancer,Illinois,24491,171.9
2013,Malignant neoplasms (C00-C97),Cancer,Indiana,13258,179.5
2013,Malignant neoplasms (C00-C97),Cancer,Iowa,6509,168.4
2013,Malignant neoplasms (C00-C97),Cancer,Kansas,5379,163.1
2013,Malignant neoplasms (C00-C97),Cancer,Kentucky,10085,199.3
2013,Malignant neoplasms (C00-C97),Cancer,Louisiana,9419,188.5
2013,Malignant neoplasms (C00-C97),Cancer,Maine,3227,175.2
2013,Malignant neoplasms (C00-C97),Cancer,Maryland,10609,162.9
2013,Malignant neoplasms (C00-C97),Cancer,Massachusetts,12858,159.6
2013,Malignant neoplasms (C00-C97),Cancer,Michigan,20367,170.5
2013,Malignant neoplasms (C00-C97),Cancer,Minnesota,9601,155.4
2013,Malignant neoplasms (C00-C97),Cancer,Mississippi,6527,197
2013,Malignant neoplasms (C00-C97),Cancer,Missouri,12955,179.4
2013,Malignant neoplasms (C00-C97),Cancer,Montana,1997,154.1
2013,Malignant neoplasms (C00-C97),Cancer,Nebraska,3459,161.3
2013,Malignant neoplasms (C00-C97),Cancer,Nevada,4817,164.8
2013,Malignant neoplasms (C00-C97),Cancer,New Hampshire,2584,158
2013,Malignant neoplasms (C00-C97),Cancer,New Jersey,16315,156.2
2013,Malignant neoplasms (C00-C97),Cancer,New Mexico,3482,145.4
2013,Malignant neoplasms (C00-C97),Cancer,New York,35738,155.9
2013,Malignant neoplasms (C00-C97),Cancer,North Carolina,18589,167.6
2013,Malignant neoplasms (C00-C97),Cancer,North Dakota,1286,151.8
2013,Malignant neoplasms (C00-C97),Cancer,Ohio,24986,177.6
2013,Malignant neoplasms (C00-C97),Cancer,Oklahoma,8039,185.7
2013,Malignant neoplasms (C00-C97),Cancer,Oregon,7799,163.4
2013,Malignant neoplasms (C00-C97),Cancer,Pennsylvania,28512,170.6
2013,Malignant neoplasms (C00-C97),Cancer,Rhode Island,2326,174.6
2013,Malignant neoplasms (C00-C97),Cancer,South Carolina,9745,174
2013,Malignant neoplasms (C00-C97),Cancer,South Dakota,1577,154.5
2013,Malignant neoplasms (C00-C97),Cancer,Tennessee,13953,185.5
2013,Malignant neoplasms (C00-C97),Cancer,Texas,38412,156.9
2013,Malignant neoplasms (C00-C97),Cancer,United States,584881,163.2
2013,Malignant neoplasms (C00-C97),Cancer,Utah,2971,127.6
2013,Malignant neoplasms (C00-C97),Cancer,Vermont,1318,163.4
2013,Malignant neoplasms (C00-C97),Cancer,Virginia,14414,162
2013,Malignant neoplasms (C00-C97),Cancer,Washington,11928,156.1
2013,Malignant neoplasms (C00-C97),Cancer,West Virginia,4718,190.8
2013,Malignant neoplasms (C00-C97),Cancer,Wisconsin,11425,165.2
2013,Malignant neoplasms (C00-C97),Cancer,Wyoming,946,148.2
2012,Malignant neoplasms (C00-C97),Cancer,Alabama,10276,185.2
2012,Malignant neoplasms (C00-C97),Cancer,Alaska,925,166.5
2012,Malignant neoplasms (C00-C97),Cancer,Arizona,11085,148.6
2012,Malignant neoplasms (C00-C97),Cancer,Arkansas,6540,189.1
2012,Malignant neoplasms (C00-C97),Cancer,California,57676,150.9
2012,Malignant neoplasms (C00-C97),Cancer,Colorado,7306,143.1
2012,Malignant neoplasms (C00-C97),Cancer,Connecticut,6681,152
2012,Malignant neoplasms (C00-C97),Cancer,Delaware,1935,177
2012,Malignant neoplasms (C00-C97),Cancer,District of Columbia,1081,178.8
2012,Malignant neoplasms (C00-C97),Cancer,Florida,42188,158.8
2012,Malignant neoplasms (C00-C97),Cancer,Georgia,16021,169.1
2012,Malignant neoplasms (C00-C97),Cancer,Hawaii,2284,134.5
2012,Malignant neoplasms (C00-C97),Cancer,Idaho,2572,152
2012,Malignant neoplasms (C00-C97),Cancer,Illinois,24562,175.6
2012,Malignant neoplasms (C00-C97),Cancer,Indiana,13368,184.4
2012,Malignant neoplasms (C00-C97),Cancer,Iowa,6438,168.6
2012,Malignant neoplasms (C00-C97),Cancer,Kansas,5429,168.2
2012,Malignant neoplasms (C00-C97),Cancer,Kentucky,10012,201.5
2012,Malignant neoplasms (C00-C97),Cancer,Louisiana,9308,190.7
2012,Malignant neoplasms (C00-C97),Cancer,Maine,3226,179.3
2012,Malignant neoplasms (C00-C97),Cancer,Maryland,10525,165.6
2012,Malignant neoplasms (C00-C97),Cancer,Massachusetts,12864,163.3
2012,Malignant neoplasms (C00-C97),Cancer,Michigan,20496,174.8
2012,Malignant neoplasms (C00-C97),Cancer,Minnesota,9424,155.9
2012,Malignant neoplasms (C00-C97),Cancer,Mississippi,6499,200.4
2012,Malignant neoplasms (C00-C97),Cancer,Missouri,12919,182.3
2012,Malignant neoplasms (C00-C97),Cancer,Montana,1954,155.1
2012,Malignant neoplasms (C00-C97),Cancer,Nebraska,3479,164.7
2012,Malignant neoplasms (C00-C97),Cancer,Nevada,4610,163.6
2012,Malignant neoplasms (C00-C97),Cancer,New Hampshire,2660,167.8
2012,Malignant neoplasms (C00-C97),Cancer,New Jersey,16485,160.3
2012,Malignant neoplasms (C00-C97),Cancer,New Mexico,3462,148.1
2012,Malignant neoplasms (C00-C97),Cancer,New York,35882,159.4
2012,Malignant neoplasms (C00-C97),Cancer,North Carolina,18405,170.2
2012,Malignant neoplasms (C00-C97),Cancer,North Dakota,1253,150.7
2012,Malignant neoplasms (C00-C97),Cancer,Ohio,25261,182.7
2012,Malignant neoplasms (C00-C97),Cancer,Oklahoma,8040,189.9
2012,Malignant neoplasms (C00-C97),Cancer,Oregon,7832,168
2012,Malignant neoplasms (C00-C97),Cancer,Pennsylvania,28909,175.5
2012,Malignant neoplasms (C00-C97),Cancer,Rhode Island,2148,163.5
2012,Malignant neoplasms (C00-C97),Cancer,South Carolina,9728,178.8
2012,Malignant neoplasms (C00-C97),Cancer,South Dakota,1630,163
2012,Malignant neoplasms (C00-C97),Cancer,Tennessee,13765,187.6
2012,Malignant neoplasms (C00-C97),Cancer,Texas,38142,160.3
2012,Malignant neoplasms (C00-C97),Cancer,United States,582623,166.5
2012,Malignant neoplasms (C00-C97),Cancer,Utah,2876,128.2
2012,Malignant neoplasms (C00-C97),Cancer,Vermont,1325,165
2012,Malignant neoplasms (C00-C97),Cancer,Virginia,14294,165
2012,Malignant neoplasms (C00-C97),Cancer,Washington,11952,161.4
2012,Malignant neoplasms (C00-C97),Cancer,West Virginia,4684,191.8
2012,Malignant neoplasms (C00-C97),Cancer,Wisconsin,11252,166.3
2012,Malignant neoplasms (C00-C97),Cancer,Wyoming,955,154.2
2011,Malignant neoplasms (C00-C97),Cancer,Alabama,10233,187.8
2011,Malignant neoplasms (C00-C97),Cancer,Alaska,935,175.5
2011,Malignant neoplasms (C00-C97),Cancer,Arizona,10690,148.5
2011,Malignant neoplasms (C00-C97),Cancer,Arkansas,6497,191.1
2011,Malignant neoplasms (C00-C97),Cancer,California,56449,152
2011,Malignant neoplasms (C00-C97),Cancer,Colorado,7051,143.9
2011,Malignant neoplasms (C00-C97),Cancer,Connecticut,6837,158.4
2011,Malignant neoplasms (C00-C97),Cancer,Delaware,1906,179.8
2011,Malignant neoplasms (C00-C97),Cancer,District of Columbia,1070,180.7
2011,Malignant neoplasms (C00-C97),Cancer,Florida,41681,161.2
2011,Malignant neoplasms (C00-C97),Cancer,Georgia,15602,170.3
2011,Malignant neoplasms (C00-C97),Cancer,Hawaii,2278,138.1
2011,Malignant neoplasms (C00-C97),Cancer,Idaho,2573,157.4
2011,Malignant neoplasms (C00-C97),Cancer,Illinois,24007,175
2011,Malignant neoplasms (C00-C97),Cancer,Indiana,13180,185.4
2011,Malignant neoplasms (C00-C97),Cancer,Iowa,6481,173.1
2011,Malignant neoplasms (C00-C97),Cancer,Kansas,5440,170.3
2011,Malignant neoplasms (C00-C97),Cancer,Kentucky,9733,200.8
2011,Malignant neoplasms (C00-C97),Cancer,Louisiana,9233,193.7
2011,Malignant neoplasms (C00-C97),Cancer,Maine,3201,182.2
2011,Malignant neoplasms (C00-C97),Cancer,Maryland,10249,166.1
2011,Malignant neoplasms (C00-C97),Cancer,Massachusetts,12895,166.9
2011,Malignant neoplasms (C00-C97),Cancer,Michigan,20420,177.8
2011,Malignant neoplasms (C00-C97),Cancer,Minnesota,9489,160.8
2011,Malignant neoplasms (C00-C97),Cancer,Mississippi,6278,197.4
2011,Malignant neoplasms (C00-C97),Cancer,Missouri,12473,179.4
2011,Malignant neoplasms (C00-C97),Cancer,Montana,2022,164.8
2011,Malignant neoplasms (C00-C97),Cancer,Nebraska,3410,164.1
2011,Malignant neoplasms (C00-C97),Cancer,Nevada,4606,170.2
2011,Malignant neoplasms (C00-C97),Cancer,New Hampshire,2740,177.5
2011,Malignant neoplasms (C00-C97),Cancer,New Jersey,16708,166
2011,Malignant neoplasms (C00-C97),Cancer,New Mexico,3328,146.9
2011,Malignant neoplasms (C00-C97),Cancer,New York,35469,160.6
2011,Malignant neoplasms (C00-C97),Cancer,North Carolina,18284,175
2011,Malignant neoplasms (C00-C97),Cancer,North Dakota,1321,161
2011,Malignant neoplasms (C00-C97),Cancer,Ohio,25140,184.9
2011,Malignant neoplasms (C00-C97),Cancer,Oklahoma,7997,191.1
2011,Malignant neoplasms (C00-C97),Cancer,Oregon,7802,172.6
2011,Malignant neoplasms (C00-C97),Cancer,Pennsylvania,28895,178
2011,Malignant neoplasms (C00-C97),Cancer,Rhode Island,2170,167.6
2011,Malignant neoplasms (C00-C97),Cancer,South Carolina,9543,182
2011,Malignant neoplasms (C00-C97),Cancer,South Dakota,1665,169.7
2011,Malignant neoplasms (C00-C97),Cancer,Tennessee,13562,189
2011,Malignant neoplasms (C00-C97),Cancer,Texas,37351,162.3
2011,Malignant neoplasms (C00-C97),Cancer,United States,576691,169
2011,Malignant neoplasms (C00-C97),Cancer,Utah,2746,125.7
2011,Malignant neoplasms (C00-C97),Cancer,Vermont,1347,175.9
2011,Malignant neoplasms (C00-C97),Cancer,Virginia,14376,170.8
2011,Malignant neoplasms (C00-C97),Cancer,Washington,12002,166.1
2011,Malignant neoplasms (C00-C97),Cancer,West Virginia,4782,200.1
2011,Malignant neoplasms (C00-C97),Cancer,Wisconsin,11608,175.5
2011,Malignant neoplasms (C00-C97),Cancer,Wyoming,936,156
2010,Malignant neoplasms (C00-C97),Cancer,Alabama,10196,191.7
2010,Malignant neoplasms (C00-C97),Cancer,Alaska,884,176.9
2010,Malignant neoplasms (C00-C97),Cancer,Arizona,10678,154.2
2010,Malignant neoplasms (C00-C97),Cancer,Arkansas,6475,194.7
2010,Malignant neoplasms (C00-C97),Cancer,California,56453,156.9
2010,Malignant neoplasms (C00-C97),Cancer,Colorado,7035,149.5
2010,Malignant neoplasms (C00-C97),Cancer,Connecticut,6954,163.4
2010,Malignant neoplasms (C00-C97),Cancer,Delaware,1909,185.7
2010,Malignant neoplasms (C00-C97),Cancer,District of Columbia,1041,178.3
2010,Malignant neoplasms (C00-C97),Cancer,Florida,41467,165.6
2010,Malignant neoplasms (C00-C97),Cancer,Georgia,15435,174.8
2010,Malignant neoplasms (C00-C97),Cancer,Hawaii,2266,140.9
2010,Malignant neoplasms (C00-C97),Cancer,Idaho,2530,159.9
2010,Malignant neoplasms (C00-C97),Cancer,Illinois,24070,178.6
2010,Malignant neoplasms (C00-C97),Cancer,Indiana,13164,188.6
2010,Malignant neoplasms (C00-C97),Cancer,Iowa,6358,171.9
2010,Malignant neoplasms (C00-C97),Cancer,Kansas,5377,171.3
2010,Malignant neoplasms (C00-C97),Cancer,Kentucky,9930,208.3
2010,Malignant neoplasms (C00-C97),Cancer,Louisiana,9203,197.6
2010,Malignant neoplasms (C00-C97),Cancer,Maine,3248,187.9
2010,Malignant neoplasms (C00-C97),Cancer,Maryland,10269,171.2
2010,Malignant neoplasms (C00-C97),Cancer,Massachusetts,12993,171.3
2010,Malignant neoplasms (C00-C97),Cancer,Michigan,20620,182.9
2010,Malignant neoplasms (C00-C97),Cancer,Minnesota,9612,167.2
2010,Malignant neoplasms (C00-C97),Cancer,Mississippi,6271,201.4
2010,Malignant neoplasms (C00-C97),Cancer,Missouri,12626,185.6
2010,Malignant neoplasms (C00-C97),Cancer,Montana,1923,161
2010,Malignant neoplasms (C00-C97),Cancer,Nebraska,3438,167.4
2010,Malignant neoplasms (C00-C97),Cancer,Nevada,4529,174.2
2010,Malignant neoplasms (C00-C97),Cancer,New Hampshire,2525,167.9
2010,Malignant neoplasms (C00-C97),Cancer,New Jersey,16815,169.5
2010,Malignant neoplasms (C00-C97),Cancer,New Mexico,3358,152.4
2010,Malignant neoplasms (C00-C97),Cancer,New York,35431,163.1
2010,Malignant neoplasms (C00-C97),Cancer,North Carolina,18061,179
2010,Malignant neoplasms (C00-C97),Cancer,North Dakota,1269,157.1
2010,Malignant neoplasms (C00-C97),Cancer,Ohio,25083,187.7
2010,Malignant neoplasms (C00-C97),Cancer,Oklahoma,7831,191.3
2010,Malignant neoplasms (C00-C97),Cancer,Oregon,7638,173.9
2010,Malignant neoplasms (C00-C97),Cancer,Pennsylvania,29055,181.6
2010,Malignant neoplasms (C00-C97),Cancer,Rhode Island,2266,178.3
2010,Malignant neoplasms (C00-C97),Cancer,South Carolina,9356,183.6
2010,Malignant neoplasms (C00-C97),Cancer,South Dakota,1655,171
2010,Malignant neoplasms (C00-C97),Cancer,Tennessee,13593,195.7
2010,Malignant neoplasms (C00-C97),Cancer,Texas,36717,165.9
2010,Malignant neoplasms (C00-C97),Cancer,United States,574743,172.8
2010,Malignant neoplasms (C00-C97),Cancer,Utah,2810,133.7
2010,Malignant neoplasms (C00-C97),Cancer,Vermont,1392,183.3
2010,Malignant neoplasms (C00-C97),Cancer,Virginia,14080,172.4
2010,Malignant neoplasms (C00-C97),Cancer,Washington,11874,170.5
2010,Malignant neoplasms (C00-C97),Cancer,West Virginia,4685,198
2010,Malignant neoplasms (C00-C97),Cancer,Wisconsin,11279,174.5
2010,Malignant neoplasms (C00-C97),Cancer,Wyoming,1016,172.6
2009,Malignant neoplasms (C00-C97),Cancer,Alabama,10289,196.3
2009,Malignant neoplasms (C00-C97),Cancer,Alaska,895,183
2009,Malignant neoplasms (C00-C97),Cancer,Arizona,10271,152
2009,Malignant neoplasms (C00-C97),Cancer,Arkansas,6513,198.3
2009,Malignant neoplasms (C00-C97),Cancer,California,55991,158.8
2009,Malignant neoplasms (C00-C97),Cancer,Colorado,6950,151.4
2009,Malignant neoplasms (C00-C97),Cancer,Connecticut,6819,162.8
2009,Malignant neoplasms (C00-C97),Cancer,Delaware,1813,178.7
2009,Malignant neoplasms (C00-C97),Cancer,District of Columbia,1131,197.4
2009,Malignant neoplasms (C00-C97),Cancer,Florida,40932,166.6
2009,Malignant neoplasms (C00-C97),Cancer,Georgia,15143,175.6
2009,Malignant neoplasms (C00-C97),Cancer,Hawaii,2244,141.3
2009,Malignant neoplasms (C00-C97),Cancer,Idaho,2458,158.9
2009,Malignant neoplasms (C00-C97),Cancer,Illinois,24185,181.8
2009,Malignant neoplasms (C00-C97),Cancer,Indiana,13093,190.4
2009,Malignant neoplasms (C00-C97),Cancer,Iowa,6249,170.4
2009,Malignant neoplasms (C00-C97),Cancer,Kansas,5319,171.9
2009,Malignant neoplasms (C00-C97),Cancer,Kentucky,9634,204.9
2009,Malignant neoplasms (C00-C97),Cancer,Louisiana,9098,198.6
2009,Malignant neoplasms (C00-C97),Cancer,Maine,3133,185.2
2009,Malignant neoplasms (C00-C97),Cancer,Maryland,10412,176.7
2009,Malignant neoplasms (C00-C97),Cancer,Massachusetts,13112,175.5
2009,Malignant neoplasms (C00-C97),Cancer,Michigan,20257,182.2
2009,Malignant neoplasms (C00-C97),Cancer,Minnesota,9580,168.7
2009,Malignant neoplasms (C00-C97),Cancer,Mississippi,6131,199.8
2009,Malignant neoplasms (C00-C97),Cancer,Missouri,12472,185.7
2009,Malignant neoplasms (C00-C97),Cancer,Montana,1914,163
2009,Malignant neoplasms (C00-C97),Cancer,Nebraska,3336,165.1
2009,Malignant neoplasms (C00-C97),Cancer,Nevada,4461,175.3
2009,Malignant neoplasms (C00-C97),Cancer,New Hampshire,2562,173.3
2009,Malignant neoplasms (C00-C97),Cancer,New Jersey,16541,169
2009,Malignant neoplasms (C00-C97),Cancer,New Mexico,3202,149
2009,Malignant neoplasms (C00-C97),Cancer,New York,35216,164.2
2009,Malignant neoplasms (C00-C97),Cancer,North Carolina,17513,176.9
2009,Malignant neoplasms (C00-C97),Cancer,North Dakota,1243,156.3
2009,Malignant neoplasms (C00-C97),Cancer,Ohio,25149,190.5
2009,Malignant neoplasms (C00-C97),Cancer,Oklahoma,7639,189.2
2009,Malignant neoplasms (C00-C97),Cancer,Oregon,7487,172.7
2009,Malignant neoplasms (C00-C97),Cancer,Pennsylvania,28881,182.5
2009,Malignant neoplasms (C00-C97),Cancer,Rhode Island,2220,174.9
2009,Malignant neoplasms (C00-C97),Cancer,South Carolina,9123,182.8
2009,Malignant neoplasms (C00-C97),Cancer,South Dakota,1503,158.7
2009,Malignant neoplasms (C00-C97),Cancer,Tennessee,13482,197.5
2009,Malignant neoplasms (C00-C97),Cancer,Texas,35591,164.4
2009,Malignant neoplasms (C00-C97),Cancer,United States,567628,173.5
2009,Malignant neoplasms (C00-C97),Cancer,Utah,2555,124.7
2009,Malignant neoplasms (C00-C97),Cancer,Vermont,1254,169.2
2009,Malignant neoplasms (C00-C97),Cancer,Virginia,14122,176.2
2009,Malignant neoplasms (C00-C97),Cancer,Washington,11922,174.9
2009,Malignant neoplasms (C00-C97),Cancer,West Virginia,4786,204.2
2009,Malignant neoplasms (C00-C97),Cancer,Wisconsin,10866,169.5
2009,Malignant neoplasms (C00-C97),Cancer,Wyoming,936,164.7
2008,Malignant neoplasms (C00-C97),Cancer,Alabama,10182,197.5
2008,Malignant neoplasms (C00-C97),Cancer,Alaska,867,181.1
2008,Malignant neoplasms (C00-C97),Cancer,Arizona,10081,153.2
2008,Malignant neoplasms (C00-C97),Cancer,Arkansas,6526,201.4
2008,Malignant neoplasms (C00-C97),Cancer,California,54686,158.8
2008,Malignant neoplasms (C00-C97),Cancer,Colorado,6719,150.9
2008,Malignant neoplasms (C00-C97),Cancer,Connecticut,6830,164.8
2008,Malignant neoplasms (C00-C97),Cancer,Delaware,1912,193.3
2008,Malignant neoplasms (C00-C97),Cancer,District of Columbia,1143,201.6
2008,Malignant neoplasms (C00-C97),Cancer,Florida,40814,169.5
2008,Malignant neoplasms (C00-C97),Cancer,Georgia,14621,175.1
2008,Malignant neoplasms (C00-C97),Cancer,Hawaii,2194,142.5
2008,Malignant neoplasms (C00-C97),Cancer,Idaho,2511,166.7
2008,Malignant neoplasms (C00-C97),Cancer,Illinois,24300,185
2008,Malignant neoplasms (C00-C97),Cancer,Indiana,13137,194.3
2008,Malignant neoplasms (C00-C97),Cancer,Iowa,6424,177.1
2008,Malignant neoplasms (C00-C97),Cancer,Kansas,5294,173.1
2008,Malignant neoplasms (C00-C97),Cancer,Kentucky,9589,207.8
2008,Malignant neoplasms (C00-C97),Cancer,Louisiana,9197,205.7
2008,Malignant neoplasms (C00-C97),Cancer,Maine,3093,185
2008,Malignant neoplasms (C00-C97),Cancer,Maryland,10360,180.1
2008,Malignant neoplasms (C00-C97),Cancer,Massachusetts,13031,177.2
2008,Malignant neoplasms (C00-C97),Cancer,Michigan,20211,184.4
2008,Malignant neoplasms (C00-C97),Cancer,Minnesota,9446,170.2
2008,Malignant neoplasms (C00-C97),Cancer,Mississippi,6166,202.9
2008,Malignant neoplasms (C00-C97),Cancer,Missouri,12523,189.5
2008,Malignant neoplasms (C00-C97),Cancer,Montana,1862,161.3
2008,Malignant neoplasms (C00-C97),Cancer,Nebraska,3376,169.7
2008,Malignant neoplasms (C00-C97),Cancer,Nevada,4404,179.4
2008,Malignant neoplasms (C00-C97),Cancer,New Hampshire,2576,177.3
2008,Malignant neoplasms (C00-C97),Cancer,New Jersey,16876,175
2008,Malignant neoplasms (C00-C97),Cancer,New Mexico,3355,160.3
2008,Malignant neoplasms (C00-C97),Cancer,New York,35351,166.9
2008,Malignant neoplasms (C00-C97),Cancer,North Carolina,17453,181.3
2008,Malignant neoplasms (C00-C97),Cancer,North Dakota,1354,171.4
2008,Malignant neoplasms (C00-C97),Cancer,Ohio,24998,191.9
2008,Malignant neoplasms (C00-C97),Cancer,Oklahoma,7657,193.1
2008,Malignant neoplasms (C00-C97),Cancer,Oregon,7479,177
2008,Malignant neoplasms (C00-C97),Cancer,Pennsylvania,28964,184.7
2008,Malignant neoplasms (C00-C97),Cancer,Rhode Island,2227,178.1
2008,Malignant neoplasms (C00-C97),Cancer,South Carolina,9199,190
2008,Malignant neoplasms (C00-C97),Cancer,South Dakota,1570,168.4
2008,Malignant neoplasms (C00-C97),Cancer,Tennessee,13162,197.2
2008,Malignant neoplasms (C00-C97),Cancer,Texas,35713,169.9
2008,Malignant neoplasms (C00-C97),Cancer,United States,565469,176.4
2008,Malignant neoplasms (C00-C97),Cancer,Utah,2492,125.4
2008,Malignant neoplasms (C00-C97),Cancer,Vermont,1279,176.3
2008,Malignant neoplasms (C00-C97),Cancer,Virginia,13983,179.1
2008,Malignant neoplasms (C00-C97),Cancer,Washington,11618,175.5
2008,Malignant neoplasms (C00-C97),Cancer,West Virginia,4605,198.5
2008,Malignant neoplasms (C00-C97),Cancer,Wisconsin,11185,177.8
2008,Malignant neoplasms (C00-C97),Cancer,Wyoming,874,156.7
2007,Malignant neoplasms (C00-C97),Cancer,Alabama,10025,198.7
2007,Malignant neoplasms (C00-C97),Cancer,Alaska,839,182.6
2007,Malignant neoplasms (C00-C97),Cancer,Arizona,10134,158.9
2007,Malignant neoplasms (C00-C97),Cancer,Arkansas,6388,201.3
2007,Malignant neoplasms (C00-C97),Cancer,California,55011,163.8
2007,Malignant neoplasms (C00-C97),Cancer,Colorado,6617,154.1
2007,Malignant neoplasms (C00-C97),Cancer,Connecticut,6827,167.2
2007,Malignant neoplasms (C00-C97),Cancer,Delaware,1853,193.5
2007,Malignant neoplasms (C00-C97),Cancer,District of Columbia,1169,208.2
2007,Malignant neoplasms (C00-C97),Cancer,Florida,40088,169.8
2007,Malignant neoplasms (C00-C97),Cancer,Georgia,14983,185.5
2007,Malignant neoplasms (C00-C97),Cancer,Hawaii,2214,148
2007,Malignant neoplasms (C00-C97),Cancer,Idaho,2405,166.3
2007,Malignant neoplasms (C00-C97),Cancer,Illinois,24115,186.6
2007,Malignant neoplasms (C00-C97),Cancer,Indiana,12778,192.6
2007,Malignant neoplasms (C00-C97),Cancer,Iowa,6376,176.8
2007,Malignant neoplasms (C00-C97),Cancer,Kansas,5406,179.2
2007,Malignant neoplasms (C00-C97),Cancer,Kentucky,9692,214.7
2007,Malignant neoplasms (C00-C97),Cancer,Louisiana,8736,199.3
2007,Malignant neoplasms (C00-C97),Cancer,Maine,3112,189.9
2007,Malignant neoplasms (C00-C97),Cancer,Maryland,10179,180.5
2007,Malignant neoplasms (C00-C97),Cancer,Massachusetts,13003,179.5
2007,Malignant neoplasms (C00-C97),Cancer,Michigan,20087,186.4
2007,Malignant neoplasms (C00-C97),Cancer,Minnesota,9176,168.7
2007,Malignant neoplasms (C00-C97),Cancer,Mississippi,6002,201.8
2007,Malignant neoplasms (C00-C97),Cancer,Missouri,12380,190.9
2007,Malignant neoplasms (C00-C97),Cancer,Montana,1921,170.7
2007,Malignant neoplasms (C00-C97),Cancer,Nebraska,3479,176.6
2007,Malignant neoplasms (C00-C97),Cancer,Nevada,4331,180.8
2007,Malignant neoplasms (C00-C97),Cancer,New Hampshire,2609,184.7
2007,Malignant neoplasms (C00-C97),Cancer,New Jersey,17096,180.1
2007,Malignant neoplasms (C00-C97),Cancer,New Mexico,3238,158.1
2007,Malignant neoplasms (C00-C97),Cancer,New York,35485,169.8
2007,Malignant neoplasms (C00-C97),Cancer,North Carolina,17478,187.1
2007,Malignant neoplasms (C00-C97),Cancer,North Dakota,1264,162.6
2007,Malignant neoplasms (C00-C97),Cancer,Ohio,25230,196.3
2007,Malignant neoplasms (C00-C97),Cancer,Oklahoma,7727,198.5
2007,Malignant neoplasms (C00-C97),Cancer,Oregon,7393,178.8
2007,Malignant neoplasms (C00-C97),Cancer,Pennsylvania,29014,186.9
2007,Malignant neoplasms (C00-C97),Cancer,Rhode Island,2213,178.4
2007,Malignant neoplasms (C00-C97),Cancer,South Carolina,8867,188.5
2007,Malignant neoplasms (C00-C97),Cancer,South Dakota,1612,174.3
2007,Malignant neoplasms (C00-C97),Cancer,Tennessee,13161,201.6
2007,Malignant neoplasms (C00-C97),Cancer,Texas,35074,171.9
2007,Malignant neoplasms (C00-C97),Cancer,United States,562875,179.3
2007,Malignant neoplasms (C00-C97),Cancer,Utah,2572,133.2
2007,Malignant neoplasms (C00-C97),Cancer,Vermont,1346,188.6
2007,Malignant neoplasms (C00-C97),Cancer,Virginia,14009,184
2007,Malignant neoplasms (C00-C97),Cancer,Washington,11568,179
2007,Malignant neoplasms (C00-C97),Cancer,West Virginia,4690,204.3
2007,Malignant neoplasms (C00-C97),Cancer,Wisconsin,10963,177.2
2007,Malignant neoplasms (C00-C97),Cancer,Wyoming,940,172.9
2006,Malignant neoplasms (C00-C97),Cancer,Oklahoma,7491,195.2
2006,Malignant neoplasms (C00-C97),Cancer,Alabama,9899,199.4
2006,Malignant neoplasms (C00-C97),Cancer,Alaska,790,177.8
2006,Malignant neoplasms (C00-C97),Cancer,Arizona,9919,160
2006,Malignant neoplasms (C00-C97),Cancer,Arkansas,6177,196.7
2006,Malignant neoplasms (C00-C97),Cancer,California,54140,164.5
2006,Malignant neoplasms (C00-C97),Cancer,Colorado,6550,157.5
2006,Malignant neoplasms (C00-C97),Cancer,Connecticut,7044,175.5
2006,Malignant neoplasms (C00-C97),Cancer,Delaware,1780,190.7
2006,Malignant neoplasms (C00-C97),Cancer,District of Columbia,1178,210.5
2006,Malignant neoplasms (C00-C97),Cancer,Florida,40415,174.6
2006,Malignant neoplasms (C00-C97),Cancer,Georgia,14474,184
2006,Malignant neoplasms (C00-C97),Cancer,Hawaii,2171,147.8
2006,Malignant neoplasms (C00-C97),Cancer,Idaho,2306,163.2
2006,Malignant neoplasms (C00-C97),Cancer,Illinois,24084,188.7
2006,Malignant neoplasms (C00-C97),Cancer,Indiana,12903,197.5
2006,Malignant neoplasms (C00-C97),Cancer,Iowa,6359,179
2006,Malignant neoplasms (C00-C97),Cancer,Kansas,5343,180.1
2006,Malignant neoplasms (C00-C97),Cancer,Kentucky,9394,212
2006,Malignant neoplasms (C00-C97),Cancer,Louisiana,8853,206.1
2006,Malignant neoplasms (C00-C97),Cancer,Maine,3089,192.7
2006,Malignant neoplasms (C00-C97),Cancer,Maryland,10350,187
2006,Malignant neoplasms (C00-C97),Cancer,Massachusetts,13407,187.5
2006,Malignant neoplasms (C00-C97),Cancer,Michigan,20192,190.5
2006,Malignant neoplasms (C00-C97),Cancer,Minnesota,9079,170.7
2006,Malignant neoplasms (C00-C97),Cancer,Mississippi,6236,212.7
2006,Malignant neoplasms (C00-C97),Cancer,Missouri,12519,195.8
2006,Malignant neoplasms (C00-C97),Cancer,Montana,1943,177.9
2006,Malignant neoplasms (C00-C97),Cancer,Nebraska,3430,176.6
2006,Malignant neoplasms (C00-C97),Cancer,Nevada,4226,184.5
2006,Malignant neoplasms (C00-C97),Cancer,New Hampshire,2534,183.9
2006,Malignant neoplasms (C00-C97),Cancer,New Jersey,17180,183
2006,Malignant neoplasms (C00-C97),Cancer,New Mexico,3147,158.5
2006,Malignant neoplasms (C00-C97),Cancer,New York,35284,170.9
2006,Malignant neoplasms (C00-C97),Cancer,North Carolina,17318,191.4
2006,Malignant neoplasms (C00-C97),Cancer,North Dakota,1387,180.2
2006,Malignant neoplasms (C00-C97),Cancer,Ohio,24975,197.3
2006,Malignant neoplasms (C00-C97),Cancer,Oregon,7309,180.9
2006,Malignant neoplasms (C00-C97),Cancer,Pennsylvania,29172,190.5
2006,Malignant neoplasms (C00-C97),Cancer,Rhode Island,2250,181.4
2006,Malignant neoplasms (C00-C97),Cancer,South Carolina,8853,194.7
2006,Malignant neoplasms (C00-C97),Cancer,South Dakota,1570,173.1
2006,Malignant neoplasms (C00-C97),Cancer,Tennessee,13051,204.6
2006,Malignant neoplasms (C00-C97),Cancer,Texas,34939,176.1
2006,Malignant neoplasms (C00-C97),Cancer,United States,559888,181.8
2006,Malignant neoplasms (C00-C97),Cancer,Utah,2615,139.9
2006,Malignant neoplasms (C00-C97),Cancer,Vermont,1214,172.6
2006,Malignant neoplasms (C00-C97),Cancer,Virginia,13829,185.3
2006,Malignant neoplasms (C00-C97),Cancer,Washington,11055,175.3
2006,Malignant neoplasms (C00-C97),Cancer,West Virginia,4613,203.6
2006,Malignant neoplasms (C00-C97),Cancer,Wisconsin,10925,179.9
2006,Malignant neoplasms (C00-C97),Cancer,Wyoming,927,174.6
2005,Malignant neoplasms (C00-C97),Cancer,Alabama,9913,204.4
2005,Malignant neoplasms (C00-C97),Cancer,Alaska,732,171
2005,Malignant neoplasms (C00-C97),Cancer,Arizona,9820,164.2
2005,Malignant neoplasms (C00-C97),Cancer,Arkansas,6361,207.7
2005,Malignant neoplasms (C00-C97),Cancer,California,54732,168.9
2005,Malignant neoplasms (C00-C97),Cancer,Colorado,6395,159.7
2005,Malignant neoplasms (C00-C97),Cancer,Connecticut,7052,176.8
2005,Malignant neoplasms (C00-C97),Cancer,Delaware,1799,199.1
2005,Malignant neoplasms (C00-C97),Cancer,District of Columbia,1151,205.3
2005,Malignant neoplasms (C00-C97),Cancer,Florida,40592,178.4
2005,Malignant neoplasms (C00-C97),Cancer,Georgia,14358,189.9
2005,Malignant neoplasms (C00-C97),Cancer,Hawaii,2169,151.3
2005,Malignant neoplasms (C00-C97),Cancer,Idaho,2368,174.6
2005,Malignant neoplasms (C00-C97),Cancer,Illinois,24250,192.1
2005,Malignant neoplasms (C00-C97),Cancer,Indiana,12796,199.8
2005,Malignant neoplasms (C00-C97),Cancer,Iowa,6453,183.7
2005,Malignant neoplasms (C00-C97),Cancer,Kansas,5428,185.6
2005,Malignant neoplasms (C00-C97),Cancer,Kentucky,9505,219.1
2005,Malignant neoplasms (C00-C97),Cancer,Louisiana,9249,208.6
2005,Malignant neoplasms (C00-C97),Cancer,Maine,3218,204.8
2005,Malignant neoplasms (C00-C97),Cancer,Maryland,10371,190.4
2005,Malignant neoplasms (C00-C97),Cancer,Massachusetts,13182,186.3
2005,Malignant neoplasms (C00-C97),Cancer,Michigan,20094,192.6
2005,Malignant neoplasms (C00-C97),Cancer,Minnesota,8823,169
2005,Malignant neoplasms (C00-C97),Cancer,Mississippi,6065,208.9
2005,Malignant neoplasms (C00-C97),Cancer,Missouri,12419,198
2005,Malignant neoplasms (C00-C97),Cancer,Montana,1956,184.2
2005,Malignant neoplasms (C00-C97),Cancer,Nebraska,3355,175.5
2005,Malignant neoplasms (C00-C97),Cancer,Nevada,4238,191
2005,Malignant neoplasms (C00-C97),Cancer,New Hampshire,2549,189.8
2005,Malignant neoplasms (C00-C97),Cancer,New Jersey,17171,185
2005,Malignant neoplasms (C00-C97),Cancer,New Mexico,3141,162.9
2005,Malignant neoplasms (C00-C97),Cancer,New York,35556,173.4
2005,Malignant neoplasms (C00-C97),Cancer,North Carolina,16724,191.2
2005,Malignant neoplasms (C00-C97),Cancer,North Dakota,1302,170.5
2005,Malignant neoplasms (C00-C97),Cancer,Ohio,24702,198.1
2005,Malignant neoplasms (C00-C97),Cancer,Oklahoma,7446,198
2005,Malignant neoplasms (C00-C97),Cancer,Oregon,7326,186.5
2005,Malignant neoplasms (C00-C97),Cancer,Pennsylvania,29616,195.6
2005,Malignant neoplasms (C00-C97),Cancer,Rhode Island,2292,186.8
2005,Malignant neoplasms (C00-C97),Cancer,South Carolina,8652,198.2
2005,Malignant neoplasms (C00-C97),Cancer,South Dakota,1612,182.6
2005,Malignant neoplasms (C00-C97),Cancer,Tennessee,12995,210.3
2005,Malignant neoplasms (C00-C97),Cancer,Texas,34291,178.9
2005,Malignant neoplasms (C00-C97),Cancer,United States,559312,185.1
2005,Malignant neoplasms (C00-C97),Cancer,Utah,2520,140.9
2005,Malignant neoplasms (C00-C97),Cancer,Vermont,1202,175.9
2005,Malignant neoplasms (C00-C97),Cancer,Virginia,13877,190
2005,Malignant neoplasms (C00-C97),Cancer,Washington,11048,181
2005,Malignant neoplasms (C00-C97),Cancer,West Virginia,4617,207.4
2005,Malignant neoplasms (C00-C97),Cancer,Wisconsin,10943,182.8
2005,Malignant neoplasms (C00-C97),Cancer,Wyoming,886,169.2
2004,Malignant neoplasms (C00-C97),Cancer,New Jersey,17208,187.1
2004,Malignant neoplasms (C00-C97),Cancer,Alabama,9756,204.5
2004,Malignant neoplasms (C00-C97),Cancer,Alaska,728,184.2
2004,Malignant neoplasms (C00-C97),Cancer,Arizona,9618,167.5
2004,Malignant neoplasms (C00-C97),Cancer,Arkansas,6304,208.6
2004,Malignant neoplasms (C00-C97),Cancer,California,53700,169.2
2004,Malignant neoplasms (C00-C97),Cancer,Colorado,6196,159.4
2004,Malignant neoplasms (C00-C97),Cancer,Connecticut,7175,182.4
2004,Malignant neoplasms (C00-C97),Cancer,Delaware,1827,208.3
2004,Malignant neoplasms (C00-C97),Cancer,District of Columbia,1152,206.4
2004,Malignant neoplasms (C00-C97),Cancer,Florida,39840,179.4
2004,Malignant neoplasms (C00-C97),Cancer,Georgia,14313,195.5
2004,Malignant neoplasms (C00-C97),Cancer,Hawaii,2088,150.5
2004,Malignant neoplasms (C00-C97),Cancer,Idaho,2227,169.6
2004,Malignant neoplasms (C00-C97),Cancer,Illinois,24289,194.8
2004,Malignant neoplasms (C00-C97),Cancer,Indiana,12552,199.1
2004,Malignant neoplasms (C00-C97),Cancer,Iowa,6340,182.3
2004,Malignant neoplasms (C00-C97),Cancer,Kansas,5312,183.1
2004,Malignant neoplasms (C00-C97),Cancer,Kentucky,9159,215.5
2004,Malignant neoplasms (C00-C97),Cancer,Louisiana,9434,216.3
2004,Malignant neoplasms (C00-C97),Cancer,Maine,3124,202.2
2004,Malignant neoplasms (C00-C97),Cancer,Maryland,10168,190.5
2004,Malignant neoplasms (C00-C97),Cancer,Massachusetts,13337,190.1
2004,Malignant neoplasms (C00-C97),Cancer,Michigan,19653,190.9
2004,Malignant neoplasms (C00-C97),Cancer,Minnesota,9093,177
2004,Malignant neoplasms (C00-C97),Cancer,Mississippi,5983,209.8
2004,Malignant neoplasms (C00-C97),Cancer,Missouri,12450,201.1
2004,Malignant neoplasms (C00-C97),Cancer,Montana,1867,179.6
2004,Malignant neoplasms (C00-C97),Cancer,Nebraska,3270,173.7
2004,Malignant neoplasms (C00-C97),Cancer,Nevada,4119,191.9
2004,Malignant neoplasms (C00-C97),Cancer,New Hampshire,2554,194.8
2004,Malignant neoplasms (C00-C97),Cancer,New Mexico,3036,162.5
2004,Malignant neoplasms (C00-C97),Cancer,New York,36100,177.8
2004,Malignant neoplasms (C00-C97),Cancer,North Carolina,16477,193.7
2004,Malignant neoplasms (C00-C97),Cancer,North Dakota,1265,166.8
2004,Malignant neoplasms (C00-C97),Cancer,Ohio,24940,202.1
2004,Malignant neoplasms (C00-C97),Cancer,Oklahoma,7269,196
2004,Malignant neoplasms (C00-C97),Cancer,Oregon,7236,188.8
2004,Malignant neoplasms (C00-C97),Cancer,Pennsylvania,29424,196.1
2004,Malignant neoplasms (C00-C97),Cancer,Rhode Island,2418,196.8
2004,Malignant neoplasms (C00-C97),Cancer,South Carolina,8348,195.8
2004,Malignant neoplasms (C00-C97),Cancer,South Dakota,1555,177.5
2004,Malignant neoplasms (C00-C97),Cancer,Tennessee,12586,208.1
2004,Malignant neoplasms (C00-C97),Cancer,Texas,33937,182.1
2004,Malignant neoplasms (C00-C97),Cancer,United States,553888,186.8
2004,Malignant neoplasms (C00-C97),Cancer,Utah,2445,141.1
2004,Malignant neoplasms (C00-C97),Cancer,Vermont,1212,179.5
2004,Malignant neoplasms (C00-C97),Cancer,Virginia,13385,188.5
2004,Malignant neoplasms (C00-C97),Cancer,Washington,10989,184.6
2004,Malignant neoplasms (C00-C97),Cancer,West Virginia,4694,212.2
2004,Malignant neoplasms (C00-C97),Cancer,Wisconsin,10861,184.7
2004,Malignant neoplasms (C00-C97),Cancer,Wyoming,875,171.7
2003,Malignant neoplasms (C00-C97),Cancer,New Hampshire,2485,193.7
2003,Malignant neoplasms (C00-C97),Cancer,Alabama,9812,208.2
2003,Malignant neoplasms (C00-C97),Cancer,Alaska,735,188.4
2003,Malignant neoplasms (C00-C97),Cancer,Arizona,9627,173
2003,Malignant neoplasms (C00-C97),Cancer,Arkansas,6119,205.1
2003,Malignant neoplasms (C00-C97),Cancer,California,54319,174
2003,Malignant neoplasms (C00-C97),Cancer,Colorado,6417,169.4
2003,Malignant neoplasms (C00-C97),Cancer,Connecticut,7131,183
2003,Malignant neoplasms (C00-C97),Cancer,Delaware,1719,201.5
2003,Malignant neoplasms (C00-C97),Cancer,District of Columbia,1122,200.9
2003,Malignant neoplasms (C00-C97),Cancer,Florida,39404,181.7
2003,Malignant neoplasms (C00-C97),Cancer,Georgia,14032,196.3
2003,Malignant neoplasms (C00-C97),Cancer,Hawaii,2133,157.4
2003,Malignant neoplasms (C00-C97),Cancer,Idaho,2321,181.8
2003,Malignant neoplasms (C00-C97),Cancer,Illinois,24464,198.2
2003,Malignant neoplasms (C00-C97),Cancer,Indiana,12933,207.5
2003,Malignant neoplasms (C00-C97),Cancer,Iowa,6469,187.8
2003,Malignant neoplasms (C00-C97),Cancer,Kansas,5332,185.9
2003,Malignant neoplasms (C00-C97),Cancer,Kentucky,9378,223.7
2003,Malignant neoplasms (C00-C97),Cancer,Louisiana,9533,221.8
2003,Malignant neoplasms (C00-C97),Cancer,Maine,3120,205.4
2003,Malignant neoplasms (C00-C97),Cancer,Maryland,10292,196.4
2003,Malignant neoplasms (C00-C97),Cancer,Massachusetts,13551,194.6
2003,Malignant neoplasms (C00-C97),Cancer,Michigan,19713,194.1
2003,Malignant neoplasms (C00-C97),Cancer,Minnesota,9183,181.7
2003,Malignant neoplasms (C00-C97),Cancer,Mississippi,5960,212.2
2003,Malignant neoplasms (C00-C97),Cancer,Missouri,12354,202.1
2003,Malignant neoplasms (C00-C97),Cancer,Montana,1847,181.7
2003,Malignant neoplasms (C00-C97),Cancer,Nebraska,3339,179
2003,Malignant neoplasms (C00-C97),Cancer,Nevada,4138,200.2
2003,Malignant neoplasms (C00-C97),Cancer,New Jersey,17957,197.3
2003,Malignant neoplasms (C00-C97),Cancer,New Mexico,3103,170.1
2003,Malignant neoplasms (C00-C97),Cancer,New York,36238,180.2
2003,Malignant neoplasms (C00-C97),Cancer,North Carolina,16145,193.9
2003,Malignant neoplasms (C00-C97),Cancer,North Dakota,1334,179.2
2003,Malignant neoplasms (C00-C97),Cancer,Ohio,25076,205.3
2003,Malignant neoplasms (C00-C97),Cancer,Oklahoma,7338,199.8
2003,Malignant neoplasms (C00-C97),Cancer,Oregon,7232,192.5
2003,Malignant neoplasms (C00-C97),Cancer,Pennsylvania,29841,200
2003,Malignant neoplasms (C00-C97),Cancer,Rhode Island,2328,192.1
2003,Malignant neoplasms (C00-C97),Cancer,South Carolina,8512,204.4
2003,Malignant neoplasms (C00-C97),Cancer,South Dakota,1636,190.3
2003,Malignant neoplasms (C00-C97),Cancer,Tennessee,12613,212.7
2003,Malignant neoplasms (C00-C97),Cancer,Texas,33867,186.1
2003,Malignant neoplasms (C00-C97),Cancer,United States,556902,190.9
2003,Malignant neoplasms (C00-C97),Cancer,Utah,2444,144.6
2003,Malignant neoplasms (C00-C97),Cancer,Vermont,1210,183.6
2003,Malignant neoplasms (C00-C97),Cancer,Virginia,13781,198.1
2003,Malignant neoplasms (C00-C97),Cancer,Washington,11064,190.4
2003,Malignant neoplasms (C00-C97),Cancer,West Virginia,4610,211.6
2003,Malignant neoplasms (C00-C97),Cancer,Wisconsin,10648,183.4
2003,Malignant neoplasms (C00-C97),Cancer,Wyoming,943,188.9
2002,Malignant neoplasms (C00-C97),Cancer,Montana,1911,191.1
2002,Malignant neoplasms (C00-C97),Cancer,Alabama,9698,208.3
2002,Malignant neoplasms (C00-C97),Cancer,Alaska,715,189.8
2002,Malignant neoplasms (C00-C97),Cancer,Arizona,9359,173.2
2002,Malignant neoplasms (C00-C97),Cancer,Arkansas,6282,212.8
2002,Malignant neoplasms (C00-C97),Cancer,California,54143,177.3
2002,Malignant neoplasms (C00-C97),Cancer,Colorado,6384,173.7
2002,Malignant neoplasms (C00-C97),Cancer,Connecticut,7163,186.3
2002,Malignant neoplasms (C00-C97),Cancer,Delaware,1621,194.8
2002,Malignant neoplasms (C00-C97),Cancer,District of Columbia,1298,231.8
2002,Malignant neoplasms (C00-C97),Cancer,Florida,39140,183.8
2002,Malignant neoplasms (C00-C97),Cancer,Georgia,13975,200
2002,Malignant neoplasms (C00-C97),Cancer,Hawaii,1945,147.2
2002,Malignant neoplasms (C00-C97),Cancer,Idaho,2138,172.3
2002,Malignant neoplasms (C00-C97),Cancer,Illinois,24737,202.8
2002,Malignant neoplasms (C00-C97),Cancer,Indiana,12865,209.7
2002,Malignant neoplasms (C00-C97),Cancer,Iowa,6473,189.3
2002,Malignant neoplasms (C00-C97),Cancer,Kansas,5362,188.7
2002,Malignant neoplasms (C00-C97),Cancer,Kentucky,9438,228.6
2002,Malignant neoplasms (C00-C97),Cancer,Louisiana,9441,222.8
2002,Malignant neoplasms (C00-C97),Cancer,Maine,3206,214.9
2002,Malignant neoplasms (C00-C97),Cancer,Maryland,10395,202.2
2002,Malignant neoplasms (C00-C97),Cancer,Massachusetts,13914,201.4
2002,Malignant neoplasms (C00-C97),Cancer,Michigan,19985,199.9
2002,Malignant neoplasms (C00-C97),Cancer,Minnesota,9210,185.3
2002,Malignant neoplasms (C00-C97),Cancer,Mississippi,6069,218.8
2002,Malignant neoplasms (C00-C97),Cancer,Missouri,12322,204.1
2002,Malignant neoplasms (C00-C97),Cancer,Nebraska,3433,186.1
2002,Malignant neoplasms (C00-C97),Cancer,Nevada,3937,201.3
2002,Malignant neoplasms (C00-C97),Cancer,New Hampshire,2529,201.8
2002,Malignant neoplasms (C00-C97),Cancer,New Jersey,17827,198.1
2002,Malignant neoplasms (C00-C97),Cancer,New Mexico,3067,173.2
2002,Malignant neoplasms (C00-C97),Cancer,New York,36661,184.4
2002,Malignant neoplasms (C00-C97),Cancer,North Carolina,16210,199.9
2002,Malignant neoplasms (C00-C97),Cancer,North Dakota,1293,175.5
2002,Malignant neoplasms (C00-C97),Cancer,Ohio,25173,209
2002,Malignant neoplasms (C00-C97),Cancer,Oklahoma,7474,205.7
2002,Malignant neoplasms (C00-C97),Cancer,Oregon,7249,197.3
2002,Malignant neoplasms (C00-C97),Cancer,Pennsylvania,29849,201.9
2002,Malignant neoplasms (C00-C97),Cancer,Rhode Island,2404,199.3
2002,Malignant neoplasms (C00-C97),Cancer,South Carolina,8333,205.8
2002,Malignant neoplasms (C00-C97),Cancer,South Dakota,1562,183.3
2002,Malignant neoplasms (C00-C97),Cancer,Tennessee,12518,214.6
2002,Malignant neoplasms (C00-C97),Cancer,Texas,34164,192.2
2002,Malignant neoplasms (C00-C97),Cancer,United States,557271,194.3
2002,Malignant neoplasms (C00-C97),Cancer,Utah,2376,144.4
2002,Malignant neoplasms (C00-C97),Cancer,Vermont,1224,188.3
2002,Malignant neoplasms (C00-C97),Cancer,Virginia,13602,200
2002,Malignant neoplasms (C00-C97),Cancer,Washington,10858,190.6
2002,Malignant neoplasms (C00-C97),Cancer,West Virginia,4652,215.2
2002,Malignant neoplasms (C00-C97),Cancer,Wisconsin,10828,189.6
2002,Malignant neoplasms (C00-C97),Cancer,Wyoming,859,177.1
2001,Malignant neoplasms (C00-C97),Cancer,Minnesota,8967,183.8
2001,Malignant neoplasms (C00-C97),Cancer,Mississippi,5958,217.1
2001,Malignant neoplasms (C00-C97),Cancer,Alabama,9801,213
2001,Malignant neoplasms (C00-C97),Cancer,Alaska,689,193.7
2001,Malignant neoplasms (C00-C97),Cancer,Arizona,9143,173.8
2001,Malignant neoplasms (C00-C97),Cancer,Arkansas,6092,208.8
2001,Malignant neoplasms (C00-C97),Cancer,California,53924,180.2
2001,Malignant neoplasms (C00-C97),Cancer,Colorado,6145,170.9
2001,Malignant neoplasms (C00-C97),Cancer,Connecticut,7093,187.6
2001,Malignant neoplasms (C00-C97),Cancer,Delaware,1786,221
2001,Malignant neoplasms (C00-C97),Cancer,District of Columbia,1327,237.5
2001,Malignant neoplasms (C00-C97),Cancer,Florida,39090,187.4
2001,Malignant neoplasms (C00-C97),Cancer,Georgia,13818,202.8
2001,Malignant neoplasms (C00-C97),Cancer,Hawaii,2024,157.2
2001,Malignant neoplasms (C00-C97),Cancer,Idaho,2093,172.8
2001,Malignant neoplasms (C00-C97),Cancer,Illinois,24778,205.1
2001,Malignant neoplasms (C00-C97),Cancer,Indiana,12831,211.9
2001,Malignant neoplasms (C00-C97),Cancer,Iowa,6404,188.9
2001,Malignant neoplasms (C00-C97),Cancer,Kansas,5448,193.8
2001,Malignant neoplasms (C00-C97),Cancer,Kentucky,9358,229.7
2001,Malignant neoplasms (C00-C97),Cancer,Louisiana,9517,228
2001,Malignant neoplasms (C00-C97),Cancer,Maine,3045,208.3
2001,Malignant neoplasms (C00-C97),Cancer,Maryland,10322,205.4
2001,Malignant neoplasms (C00-C97),Cancer,Massachusetts,13750,201.2
2001,Malignant neoplasms (C00-C97),Cancer,Michigan,19689,199.9
2001,Malignant neoplasms (C00-C97),Cancer,Missouri,12365,207.1
2001,Malignant neoplasms (C00-C97),Cancer,Montana,1956,199.4
2001,Malignant neoplasms (C00-C97),Cancer,Nebraska,3389,185.5
2001,Malignant neoplasms (C00-C97),Cancer,Nevada,3815,205.1
2001,Malignant neoplasms (C00-C97),Cancer,New Hampshire,2398,195.9
2001,Malignant neoplasms (C00-C97),Cancer,New Jersey,18165,204.4
2001,Malignant neoplasms (C00-C97),Cancer,New Mexico,2900,167.3
2001,Malignant neoplasms (C00-C97),Cancer,New York,36975,188.4
2001,Malignant neoplasms (C00-C97),Cancer,North Carolina,16065,202.7
2001,Malignant neoplasms (C00-C97),Cancer,North Dakota,1391,189.2
2001,Malignant neoplasms (C00-C97),Cancer,Ohio,24804,208.4
2001,Malignant neoplasms (C00-C97),Cancer,Oklahoma,7411,206.3
2001,Malignant neoplasms (C00-C97),Cancer,Oregon,7057,196.5
2001,Malignant neoplasms (C00-C97),Cancer,Pennsylvania,29914,204.4
2001,Malignant neoplasms (C00-C97),Cancer,Rhode Island,2398,202.5
2001,Malignant neoplasms (C00-C97),Cancer,South Carolina,8272,208.3
2001,Malignant neoplasms (C00-C97),Cancer,South Dakota,1590,188.5
2001,Malignant neoplasms (C00-C97),Cancer,Tennessee,12229,213.1
2001,Malignant neoplasms (C00-C97),Cancer,Texas,33488,192.6
2001,Malignant neoplasms (C00-C97),Cancer,United States,553768,196.5
2001,Malignant neoplasms (C00-C97),Cancer,Utah,2313,144.3
2001,Malignant neoplasms (C00-C97),Cancer,Vermont,1249,196.4
2001,Malignant neoplasms (C00-C97),Cancer,Virginia,13345,200.5
2001,Malignant neoplasms (C00-C97),Cancer,Washington,10802,194.2
2001,Malignant neoplasms (C00-C97),Cancer,West Virginia,4685,219.2
2001,Malignant neoplasms (C00-C97),Cancer,Wisconsin,10777,191.6
2001,Malignant neoplasms (C00-C97),Cancer,Wyoming,923,194
2000,Malignant neoplasms (C00-C97),Cancer,Alabama,9807,215.4
2000,Malignant neoplasms (C00-C97),Cancer,Alaska,704,208.2
2000,Malignant neoplasms (C00-C97),Cancer,Arizona,9073,177.9
2000,Malignant neoplasms (C00-C97),Cancer,Arkansas,6090,210.5
2000,Malignant neoplasms (C00-C97),Cancer,California,53158,182.1
2000,Malignant neoplasms (C00-C97),Cancer,Colorado,5922,170
2000,Malignant neoplasms (C00-C97),Cancer,Connecticut,7065,189.5
2000,Malignant neoplasms (C00-C97),Cancer,Delaware,1609,203.3
2000,Malignant neoplasms (C00-C97),Cancer,District of Columbia,1335,238.3
2000,Malignant neoplasms (C00-C97),Cancer,Florida,39183,191.6
2000,Malignant neoplasms (C00-C97),Cancer,Georgia,13690,206.7
2000,Malignant neoplasms (C00-C97),Cancer,Hawaii,1943,155.7
2000,Malignant neoplasms (C00-C97),Cancer,Idaho,2128,180.6
2000,Malignant neoplasms (C00-C97),Cancer,Illinois,25365,212
2000,Malignant neoplasms (C00-C97),Cancer,Indiana,12842,214.7
2000,Malignant neoplasms (C00-C97),Cancer,Iowa,6448,191.7
2000,Malignant neoplasms (C00-C97),Cancer,Kansas,5223,187
2000,Malignant neoplasms (C00-C97),Cancer,Kentucky,9207,228.7
2000,Malignant neoplasms (C00-C97),Cancer,Louisiana,9400,227.9
2000,Malignant neoplasms (C00-C97),Cancer,Maine,3070,213.6
2000,Malignant neoplasms (C00-C97),Cancer,Maryland,10290,209.7
2000,Malignant neoplasms (C00-C97),Cancer,Massachusetts,14027,207.2
2000,Malignant neoplasms (C00-C97),Cancer,Michigan,19798,204
2000,Malignant neoplasms (C00-C97),Cancer,Minnesota,9215,191.8
2000,Malignant neoplasms (C00-C97),Cancer,Mississippi,6075,223.6
2000,Malignant neoplasms (C00-C97),Cancer,Missouri,12144,205.9
2000,Malignant neoplasms (C00-C97),Cancer,Montana,1867,194
2000,Malignant neoplasms (C00-C97),Cancer,Nebraska,3382,186.2
2000,Malignant neoplasms (C00-C97),Cancer,Nevada,3763,213.6
2000,Malignant neoplasms (C00-C97),Cancer,New Hampshire,2484,206.9
2000,Malignant neoplasms (C00-C97),Cancer,New Jersey,18073,205.9
2000,Malignant neoplasms (C00-C97),Cancer,New Mexico,2906,172.3
2000,Malignant neoplasms (C00-C97),Cancer,New York,37198,192.2
2000,Malignant neoplasms (C00-C97),Cancer,North Carolina,15786,204.2
2000,Malignant neoplasms (C00-C97),Cancer,North Dakota,1346,183.7
2000,Malignant neoplasms (C00-C97),Cancer,Ohio,24988,212
2000,Malignant neoplasms (C00-C97),Cancer,Oklahoma,7402,207.4
2000,Malignant neoplasms (C00-C97),Cancer,Oregon,6951,197.3
2000,Malignant neoplasms (C00-C97),Cancer,Pennsylvania,30161,207
2000,Malignant neoplasms (C00-C97),Cancer,Rhode Island,2433,206.4
2000,Malignant neoplasms (C00-C97),Cancer,South Carolina,8250,212.6
2000,Malignant neoplasms (C00-C97),Cancer,South Dakota,1597,190.5
2000,Malignant neoplasms (C00-C97),Cancer,Tennessee,12339,218.8
2000,Malignant neoplasms (C00-C97),Cancer,Texas,33300,196.3
2000,Malignant neoplasms (C00-C97),Cancer,United States,553091,199.6
2000,Malignant neoplasms (C00-C97),Cancer,Utah,2359,151.2
2000,Malignant neoplasms (C00-C97),Cancer,Vermont,1240,198
2000,Malignant neoplasms (C00-C97),Cancer,Virginia,13528,208.6
2000,Malignant neoplasms (C00-C97),Cancer,Washington,10668,195.8
2000,Malignant neoplasms (C00-C97),Cancer,West Virginia,4753,223.9
2000,Malignant neoplasms (C00-C97),Cancer,Wisconsin,10638,191.7
2000,Malignant neoplasms (C00-C97),Cancer,Wyoming,868,185.5
1999,Malignant neoplasms (C00-C97),Cancer,Massachusetts,13853,206.4
1999,Malignant neoplasms (C00-C97),Cancer,Alabama,9506,210.9
1999,Malignant neoplasms (C00-C97),Cancer,Alaska,633,190.5
1999,Malignant neoplasms (C00-C97),Cancer,Arizona,9006,179.9
1999,Malignant neoplasms (C00-C97),Cancer,Arkansas,6137,214.1
1999,Malignant neoplasms (C00-C97),Cancer,California,53067,184.9
1999,Malignant neoplasms (C00-C97),Cancer,Colorado,5863,171.1
1999,Malignant neoplasms (C00-C97),Cancer,Connecticut,7054,191
1999,Malignant neoplasms (C00-C97),Cancer,Delaware,1737,223.3
1999,Malignant neoplasms (C00-C97),Cancer,District of Columbia,1340,241.4
1999,Malignant neoplasms (C00-C97),Cancer,Florida,38478,190.6
1999,Malignant neoplasms (C00-C97),Cancer,Georgia,13225,202.3
1999,Malignant neoplasms (C00-C97),Cancer,Hawaii,1916,156.6
1999,Malignant neoplasms (C00-C97),Cancer,Idaho,2162,186.4
1999,Malignant neoplasms (C00-C97),Cancer,Illinois,25024,210.4
1999,Malignant neoplasms (C00-C97),Cancer,Indiana,12898,217.4
1999,Malignant neoplasms (C00-C97),Cancer,Iowa,6346,189.1
1999,Malignant neoplasms (C00-C97),Cancer,Kansas,5334,192.4
1999,Malignant neoplasms (C00-C97),Cancer,Kentucky,8925,224.2
1999,Malignant neoplasms (C00-C97),Cancer,Louisiana,9412,230.5
1999,Malignant neoplasms (C00-C97),Cancer,Maine,3035,214.6
1999,Malignant neoplasms (C00-C97),Cancer,Maryland,10143,209.5
1999,Malignant neoplasms (C00-C97),Cancer,Michigan,19744,205.2
1999,Malignant neoplasms (C00-C97),Cancer,Minnesota,8892,187
1999,Malignant neoplasms (C00-C97),Cancer,Mississippi,6143,227.9
1999,Malignant neoplasms (C00-C97),Cancer,Missouri,12186,207.9
1999,Malignant neoplasms (C00-C97),Cancer,Montana,1854,195.1
1999,Malignant neoplasms (C00-C97),Cancer,Nebraska,3410,189
1999,Malignant neoplasms (C00-C97),Cancer,Nevada,3556,206.7
1999,Malignant neoplasms (C00-C97),Cancer,New Hampshire,2408,203.6
1999,Malignant neoplasms (C00-C97),Cancer,New Jersey,18178,209.3
1999,Malignant neoplasms (C00-C97),Cancer,New Mexico,2857,173.3
1999,Malignant neoplasms (C00-C97),Cancer,New York,37609,196.6
1999,Malignant neoplasms (C00-C97),Cancer,North Carolina,15815,207.1
1999,Malignant neoplasms (C00-C97),Cancer,North Dakota,1366,186.7
1999,Malignant neoplasms (C00-C97),Cancer,Ohio,25233,215.4
1999,Malignant neoplasms (C00-C97),Cancer,Oklahoma,7312,206.7
1999,Malignant neoplasms (C00-C97),Cancer,Oregon,6905,198.2
1999,Malignant neoplasms (C00-C97),Cancer,Pennsylvania,30312,209.5
1999,Malignant neoplasms (C00-C97),Cancer,Rhode Island,2463,210.3
1999,Malignant neoplasms (C00-C97),Cancer,South Carolina,8089,211.7
1999,Malignant neoplasms (C00-C97),Cancer,South Dakota,1632,197.4
1999,Malignant neoplasms (C00-C97),Cancer,Tennessee,11943,213.9
1999,Malignant neoplasms (C00-C97),Cancer,Texas,32755,196.1
1999,Malignant neoplasms (C00-C97),Cancer,United States,549838,200.8
1999,Malignant neoplasms (C00-C97),Cancer,Utah,2393,155.7
1999,Malignant neoplasms (C00-C97),Cancer,Vermont,1255,203.7
1999,Malignant neoplasms (C00-C97),Cancer,Virginia,13365,209.1
1999,Malignant neoplasms (C00-C97),Cancer,Washington,10653,198.3
1999,Malignant neoplasms (C00-C97),Cancer,West Virginia,4762,225.1
1999,Malignant neoplasms (C00-C97),Cancer,Wisconsin,10755,195.5
1999,Malignant neoplasms (C00-C97),Cancer,Wyoming,899,195.1
